Workbook

Sheet r-native-multi
A1: Sample | B1: Link Credit | C1: Arrival Rate | E1: Goal range | F1: Setpoint-Measured | G1: NRMSE (V) | H1: F^2 | I1: Accumulated RMSE
C2: Setpoint | D2: Measured
A3: 1 | B3: 5 | C3: 4600 | D3: 1462 | E3: =IF(AND(D3<=C3*1.2,D3>=C3*0.8),1,0) -> 0 | F3: =ABS(C3-D3) -> 3138 | G3: =ABS(C3-D3)/C3 -> 0.68217391 | H3: =POWER(F3,2) -> 9847044 | I3: =SQRT(SUM('r-native-multi'!$D$3:D3)/COUNTIF($A$3:A3,"<>0")) -> 38.236109
A4: 2 | B4: 5 | C4: 4600 | D4: 5537 | E4: =IF(AND(D4<=C4*1.2,D4>=C4*0.8),1,0) -> 0 | F4: =ABS(C4-D4) -> 937 | G4: =ABS(C4-D4)/C4 -> 0.20369565 | H4: =POWER(F4,2) -> 877969 | I4: =SQRT(SUM('r-native-multi'!$D$3:D4)/COUNTIF($A$3:A4,"<>0")) -> 59.156572
A5: 3 | B5: 5 | C5: 4600 | D5: 5675 | E5: =IF(AND(D5<=C5*1.2,D5>=C5*0.8),1,0) -> 0 | F5: =ABS(C5-D5) -> 1075 | G5: =ABS(C5-D5)/C5 -> 0.23369565 | H5: =POWER(F5,2) -> 1155625 | I5: =SQRT(SUM('r-native-multi'!$D$3:D5)/COUNTIF($A$3:A5,"<>0")) -> 64.997436
A6: 4 | B6: 5 | C6: 4600 | D6: 5549 | E6: =IF(AND(D6<=C6*1.2,D6>=C6*0.8),1,0) -> 0 | F6: =ABS(C6-D6) -> 949 | G6: =ABS(C6-D6)/C6 -> 0.20630435 | H6: =POWER(F6,2) -> 900601 | I6: =SQRT(SUM('r-native-multi'!$D$3:D6)/COUNTIF($A$3:A6,"<>0")) -> 67.496296
A7: 5 | B7: 5 | C7: 4600 | D7: 5418 | E7: =IF(AND(D7<=C7*1.2,D7>=C7*0.8),1,0) -> 1 | F7: =ABS(C7-D7) -> 818 | G7: =ABS(C7-D7)/C7 -> 0.17782609 | H7: =POWER(F7,2) -> 669124 | I7: =SQRT(SUM('r-native-multi'!$D$3:D7)/COUNTIF($A$3:A7,"<>0")) -> 68.761908
A8: 6 | B8: 5 | C8: 4600 | D8: 5691 | E8: =IF(AND(D8<=C8*1.2,D8>=C8*0.8),1,0) -> 0 | F8: =ABS(C8-D8) -> 1091 | G8: =ABS(C8-D8)/C8 -> 0.23717391 | H8: =POWER(F8,2) -> 1190281 | I8: =SQRT(SUM('r-native-multi'!$D$3:D8)/COUNTIF($A$3:A8,"<>0")) -> 69.919001
A9: 7 | B9: 5 | C9: 4600 | D9: 5694 | E9: =IF(AND(D9<=C9*1.2,D9>=C9*0.8),1,0) -> 0 | F9: =ABS(C9-D9) -> 1094 | G9: =ABS(C9-D9)/C9 -> 0.23782609 | H9: =POWER(F9,2) -> 1196836 | I9: =SQRT(SUM('r-native-multi'!$D$3:D9)/COUNTIF($A$3:A9,"<>0")) -> 70.736937
A10: 8 | B10: 5 | C10: 4600 | D10: 5760 | E10: =IF(AND(D10<=C10*1.2,D10>=C10*0.8),1,0) -> 0 | F10: =ABS(C10-D10) -> 1160 | G10: =ABS(C10-D10)/C10 -> 0.25217391 | H10: =POWER(F10,2) -> 1345600 | I10: =SQRT(SUM('r-native-multi'!$D$3:D10)/COUNTIF($A$3:A10,"<>0")) -> 71.402031
A11: 9 | B11: 5 | C11: 4600 | D11: 5664 | E11: =IF(AND(D11<=C11*1.2,D11>=C11*0.8),1,0) -> 0 | F11: =ABS(C11-D11) -> 1064 | G11: =ABS(C11-D11)/C11 -> 0.23130435 | H11: =POWER(F11,2) -> 1132096 | I11: =SQRT(SUM('r-native-multi'!$D$3:D11)/COUNTIF($A$3:A11,"<>0")) -> 71.840874
A12: 10 | B12: 5 | C12: 4600 | D12: 5691 | E12: =IF(AND(D12<=C12*1.2,D12>=C12*0.8),1,0) -> 0 | F12: =ABS(C12-D12) -> 1091 | G12: =ABS(C12-D12)/C12 -> 0.23717391 | H12: =POWER(F12,2) -> 1190281 | I12: =SQRT(SUM('r-native-multi'!$D$3:D12)/COUNTIF($A$3:A12,"<>0")) -> 72.208725
A13: 11 | B13: 5 | C13: 4600 | D13: 5551 | E13: =IF(AND(D13<=C13*1.2,D13>=C13*0.8),1,0) -> 0 | F13: =ABS(C13-D13) -> 951 | G13: =ABS(C13-D13)/C13 -> 0.20673913 | H13: =POWER(F13,2) -> 904401 | I13: =SQRT(SUM('r-native-multi'!$D$3:D13)/COUNTIF($A$3:A13,"<>0")) -> 72.420489
A14: 12 | B14: 5 | C14: 4600 | D14: 5500 | E14: =IF(AND(D14<=C14*1.2,D14>=C14*0.8),1,0) -> 1 | F14: =ABS(C14-D14) -> 900 | G14: =ABS(C14-D14)/C14 -> 0.19565217 | H14: =POWER(F14,2) -> 810000 | I14: =SQRT(SUM('r-native-multi'!$D$3:D14)/COUNTIF($A$3:A14,"<>0")) -> 72.56721
... A902: 900 | B902: 5 | C902: 4600 | D902: 4933 | E902: =IF(AND(D902<=C902*1.2,D902>=C902*0.8),1,0) -> 1 | F902: =ABS(C902-D902) -> 333 | G902: =ABS(C902-D902)/C902 -> 0.072391304 | H902: =POWER(F902,2) -> 110889 | I902: =SQRT(SUM('r-native-multi'!$D$3:D902)/COUNTIF($A$3:A902,"<>0")) -> 72.487386

Sheet r-native-fixed
A1: Sample | B1: Link Credit | C1: Arrival Rate | E1: Goal range | F1: Setpoint-Measured | G1: F^2 | H1: Accumulated RMSE
C2: Setpoint | D2: Measured
A3: 1 | B3: 5 | C3: 4600 | D3: 2102 | E3: =IF(AND(D3<=C3*1.2,D3>=C3*0.8),1,0) -> 0 | F3: =ABS(C3-D3) -> 2498 | G3: =POWER(F3,2) -> 6240004 | H3: =SQRT(SUM('r-native-fixed'!$D$3:D3)/COUNTIF($A$3:A3,"<>0")) -> 45.847574 | I3: =4600*0.8 -> 3680 | J3: =4600*1.2 -> 5520
A4: 2 | B4: 5 | C4: 4600 | D4: 4440 | E4: =IF(AND(D4<=C4*1.2,D4>=C4*0.8),1,0) -> 1 | F4: =ABS(C4-D4) -> 160 | G4: =POWER(F4,2) -> 25600 | H4: =SQRT(SUM('r-native-fixed'!$D$3:D4)/COUNTIF($A$3:A4,"<>0")) -> 57.192657
A5: 3 | B5: 5 | C5: 4600 | D5: 4627 | E5: =IF(AND(D5<=C5*1.2,D5>=C5*0.8),1,0) -> 1 | F5: =ABS(C5-D5) -> 27 | G5: =POWER(F5,2) -> 729 | H5: =SQRT(SUM('r-native-fixed'!$D$3:D5)/COUNTIF($A$3:A5,"<>0")) -> 61.016391
A6: 4 | B6: 5 | C6: 4600 | D6: 4448 | E6: =IF(AND(D6<=C6*1.2,D6>=C6*0.8),1,0) -> 1 | F6: =ABS(C6-D6) -> 152 | G6: =POWER(F6,2) -> 23104 | H6: =SQRT(SUM('r-native-fixed'!$D$3:D6)/COUNTIF($A$3:A6,"<>0")) -> 62.483998
A7: 5 | B7: 5 | C7: 4600 | D7: 4524 | E7: =IF(AND(D7<=C7*1.2,D7>=C7*0.8),1,0) -> 1 | F7: =ABS(C7-D7) -> 76 | G7: =POWER(F7,2) -> 5776 | H7: =SQRT(SUM('r-native-fixed'!$D$3:D7)/COUNTIF($A$3:A7,"<>0")) -> 63.468102
A8: 6 | B8: 5 | C8: 4600 | D8: 4645 | E8: =IF(AND(D8<=C8*1.2,D8>=C8*0.8),1,0) -> 1 | F8: =ABS(C8-D8) -> 45 | G8: =POWER(F8,2) -> 2025 | H8: =SQRT(SUM('r-native-fixed'!$D$3:D8)/COUNTIF($A$3:A8,"<>0")) -> 64.272856
A9: 7 | B9: 5 | C9: 4600 | D9: 4631 | E9: =IF(AND(D9<=C9*1.2,D9>=C9*0.8),1,0) -> 1 | F9: =ABS(C9-D9) -> 31 | G9: =POWER(F9,2) -> 961 | H9: =SQRT(SUM('r-native-fixed'!$D$3:D9)/COUNTIF($A$3:A9,"<>0")) -> 64.826141
A10: 8 | B10: 5 | C10: 4600 | D10: 4589 | E10: =IF(AND(D10<=C10*1.2,D10>=C10*0.8),1,0) -> 1 | F10: =ABS(C10-D10) -> 11 | G10: =POWER(F10,2) -> 121 | H10: =SQRT(SUM('r-native-fixed'!$D$3:D10)/COUNTIF($A$3:A10,"<>0")) -> 65.197776
A11: 9 | B11: 5 | C11: 4600 | D11: 4594 | E11: =IF(AND(D11<=C11*1.2,D11>=C11*0.8),1,0) -> 1 | F11: =ABS(C11-D11) -> 6 | G11: =POWER(F11,2) -> 36 | H11: =SQRT(SUM('r-native-fixed'!$D$3:D11)/COUNTIF($A$3:A11,"<>0")) -> 65.489609
A12: 10 | B12: 5 | C12: 4600 | D12: 4511 | E12: =IF(AND(D12<=C12*1.2,D12>=C12*0.8),1,0) -> 1 | F12: =ABS(C12-D12) -> 89 | G12: =POWER(F12,2) -> 7921 | H12: =SQRT(SUM('r-native-fixed'!$D$3:D12)/COUNTIF($A$3:A12,"<>0")) -> 65.658967
A13: 11 | B13: 5 | C13: 4600 | D13: 4577 | E13: =IF(AND(D13<=C13*1.2,D13>=C13*0.8),1,0) -> 1 | F13: =ABS(C13-D13) -> 23 | G13: =POWER(F13,2) -> 529 | H13: =SQRT(SUM('r-native-fixed'!$D$3:D13)/COUNTIF($A$3:A13,"<>0")) -> 65.842788
A14: 12 | B14: 5 | C14: 4600 | D14: 4605 | E14: =IF(AND(D14<=C14*1.2,D14>=C14*0.8),1,0) -> 1 | F14: =ABS(C14-D14) -> 5 | G14: =POWER(F14,2) -> 25 | H14: =SQRT(SUM('r-native-fixed'!$D$3:D14)/COUNTIF($A$3:A14,"<>0")) -> 66.013256
A15: 13 | B15: 5 | C15: 4600 | D15: 4482 | E15: =IF(AND(D15<=C15*1.2,D15>=C15*0.8),1,0) -> 1 | F15: =ABS(C15-D15) -> 118 | G15: =POWER(F15,2) -> 13924 | H15: =SQRT(SUM('r-native-fixed'!$D$3:D15)/COUNTIF($A$3:A15,"<>0")) -> 66.085609
... A152: 150 | B152: 5 | C152: 4600 | D152: 4577 | E152: =IF(AND(D152<=C152*1.2,D152>=C152*0.8),1,0) -> 1 | F152: =ABS(C152-D152) -> 23 | G152: =POWER(F152,2) -> 529 | H152: =SQRT(SUM('r-native-fixed'!$D$3:D152)/COUNTIF($A$3:A152,"<>0")) -> 67.089791

Sheet r-pi-2
A1: Sample | B1: Link Credit | C1: Arrival Rate | E1: Goal range | F1: Setpoint-Measured | G1: F^2 | H1: Accumulated RMSE
C2: Setpoint | D2: Measured
A3: 1 | B3: 1 | C3: 2600 | D3: 304 | E3: =IF(AND(D3<=C3*1.2,D3>=C3*0.8),1,0) -> 0 | F3: =ABS(C3-D3) -> 2296 | G3: =POWER(F3,2) -> 5271616 | H3: =SQRT(SUM('r-pi-2'!$D$3:D3)/COUNTIF($A$3:A3,"<>0")) -> 17.435596
A4: 2 | B4: 1 | C4: 2600 | D4: 1329 | E4: =IF(AND(D4<=C4*1.2,D4>=C4*0.8),1,0) -> 0 | F4: =ABS(C4-D4) -> 1271 | G4: =POWER(F4,2) -> 1615441 | H4: =SQRT(SUM('r-pi-2'!$D$3:D4)/COUNTIF($A$3:A4,"<>0")) -> 28.574464
A5: 3 | B5: 1 | C5: 2600 | D5: 1280 | E5: =IF(AND(D5<=C5*1.2,D5>=C5*0.8),1,0) -> 0 | F5: =ABS(C5-D5) -> 1320 | G5: =POWER(F5,2) -> 1742400 | H5: =SQRT(SUM('r-pi-2'!$D$3:D5)/COUNTIF($A$3:A5,"<>0")) -> 31.160873
A6: 4 | B6: 1 | C6: 2600 | D6: 1489 | E6: =IF(AND(D6<=C6*1.2,D6>=C6*0.8),1,0) -> 0 | F6: =ABS(C6-D6) -> 1111 | G6: =POWER(F6,2) -> 1234321 | H6: =SQRT(SUM('r-pi-2'!$D$3:D6)/COUNTIF($A$3:A6,"<>0")) -> 33.173785
A7: 5 | B7: 1 | C7: 2600 | D7: 1295 | E7: =IF(AND(D7<=C7*1.2,D7>=C7*0.8),1,0) -> 0 | F7: =ABS(C7-D7) -> 1305 | G7: =POWER(F7,2) -> 1703025 | H7: =SQRT(SUM('r-pi-2'!$D$3:D7)/COUNTIF($A$3:A7,"<>0")) -> 33.755
A8: 6 | B8: 1 | C8: 2600 | D8: 1479 | E8: =IF(AND(D8<=C8*1.2,D8>=C8*0.8),1,0) -> 0 | F8: =ABS(C8-D8) -> 1121 | G8: =POWER(F8,2) -> 1256641 | H8: =SQRT(SUM('r-pi-2'!$D$3:D8)/COUNTIF($A$3:A8,"<>0")) -> 34.583233
A9: 7 | B9: 1 | C9: 2600 | D9: 1465 | E9: =IF(AND(D9<=C9*1.2,D9>=C9*0.8),1,0) -> 0 | F9: =ABS(C9-D9) -> 1135 | G9: =POWER(F9,2) -> 1288225 | H9: =SQRT(SUM('r-pi-2'!$D$3:D9)/COUNTIF($A$3:A9,"<>0")) -> 35.134436
A10: 8 | B10: 1 | C10: 2600 | D10: 1499 | E10: =IF(AND(D10<=C10*1.2,D10>=C10*0.8),1,0) -> 0 | F10: =ABS(C10-D10) -> 1101 | G10: =POWER(F10,2) -> 1212201 | H10: =SQRT(SUM('r-pi-2'!$D$3:D10)/COUNTIF($A$3:A10,"<>0")) -> 35.601966
A11: 9 | B11: 1 | C11: 2600 | D11: 1510 | E11: =IF(AND(D11<=C11*1.2,D11>=C11*0.8),1,0) -> 0 | F11: =ABS(C11-D11) -> 1090 | G11: =POWER(F11,2) -> 1188100 | H11: =SQRT(SUM('r-pi-2'!$D$3:D11)/COUNTIF($A$3:A11,"<>0")) -> 35.978389
A12: 10 | B12: 1 | C12: 2600 | D12: 1493 | E12: =IF(AND(D12<=C12*1.2,D12>=C12*0.8),1,0) -> 0 | F12: =ABS(C12-D12) -> 1107 | G12: =POWER(F12,2) -> 1225449 | H12: =SQRT(SUM('r-pi-2'!$D$3:D12)/COUNTIF($A$3:A12,"<>0")) -> 36.253276
A13: 11 | B13: 1 | C13: 2600 | D13: 1476 | E13: =IF(AND(D13<=C13*1.2,D13>=C13*0.8),1,0) -> 0 | F13: =ABS(C13-D13) -> 1124 | G13: =POWER(F13,2) -> 1263376 | H13: =SQRT(SUM('r-pi-2'!$D$3:D13)/COUNTIF($A$3:A13,"<>0")) -> 36.455452
A14: 12 | B14: 1 | C14: 2600 | D14: 1466 | E14: =IF(AND(D14<=C14*1.2,D14>=C14*0.8),1,0) -> 0 | F14: =ABS(C14-D14) -> 1134 | G14: =POWER(F14,2) -> 1285956 | H14: =SQRT(SUM('r-pi-2'!$D$3:D14)/COUNTIF($A$3:A14,"<>0")) -> 36.611701
... A152: 150 | B152: 3 | C152: 2600 | D152: 2434 | E152: =IF(AND(D152<=C152*1.2,D152>=C152*0.8),1,0) -> 1 | F152: =ABS(C152-D152) -> 166 | G152: =POWER(F152,2) -> 27556 | H152: =SQRT(SUM('r-pi-2'!$D$3:D152)/COUNTIF($A$3:A152,"<>0")) -> 48.798019

Sheet r-pi-5
A1: Sample | B1: Link Credit | C1: Arrival Rate | E1: Goal range | F1: Setpoint-Measured | G1: F^2 | H1: Accumulated RMSE
C2: Setpoint | D2: Measured
A3: 1 | B3: 1 | C3: 4600 | D3: 359 | E3: =IF(AND(D3<=C3*1.2,D3>=C3*0.8),1,0) -> 0 | F3: =ABS(C3-D3) -> 4241 | G3: =POWER(F3,2) -> 17986081 | H3: =SQRT(SUM('r-pi-5'!$D$3:D3)/COUNTIF($A$3:A3,"<>0")) -> 18.947295
A4: 2 | B4: 1 | C4: 4600 | D4: 1432 | E4: =IF(AND(D4<=C4*1.2,D4>=C4*0.8),1,0) -> 0 | F4: =ABS(C4-D4) -> 3168 | G4: =POWER(F4,2) -> 10036224 | H4: =SQRT(SUM('r-pi-5'!$D$3:D4)/COUNTIF($A$3:A4,"<>0")) -> 29.924906
A5: 3 | B5: 1 | C5: 4600 | D5: 1483 | E5: =IF(AND(D5<=C5*1.2,D5>=C5*0.8),1,0) -> 0 | F5: =ABS(C5-D5) -> 3117 | G5: =POWER(F5,2) -> 9715689 | H5: =SQRT(SUM('r-pi-5'!$D$3:D5)/COUNTIF($A$3:A5,"<>0")) -> 33.035335
A6: 4 | B6: 1 | C6: 4600 | D6: 1491 | E6: =IF(AND(D6<=C6*1.2,D6>=C6*0.8),1,0) -> 0 | F6: =ABS(C6-D6) -> 3109 | G6: =POWER(F6,2) -> 9665881 | H6: =SQRT(SUM('r-pi-5'!$D$3:D6)/COUNTIF($A$3:A6,"<>0")) -> 34.51449
A7: 5 | B7: 1 | C7: 4600 | D7: 1383 | E7: =IF(AND(D7<=C7*1.2,D7>=C7*0.8),1,0) -> 0 | F7: =ABS(C7-D7) -> 3217 | G7: =POWER(F7,2) -> 10349089 | H7: =SQRT(SUM('r-pi-5'!$D$3:D7)/COUNTIF($A$3:A7,"<>0")) -> 35.065653
A8: 6 | B8: 2 | C8: 4600 | D8: 2682 | E8: =IF(AND(D8<=C8*1.2,D8>=C8*0.8),1,0) -> 0 | F8: =ABS(C8-D8) -> 1918 | G8: =POWER(F8,2) -> 3678724 | H8: =SQRT(SUM('r-pi-5'!$D$3:D8)/COUNTIF($A$3:A8,"<>0")) -> 38.362308
A9: 7 | B9: 2 | C9: 4600 | D9: 2651 | E9: =IF(AND(D9<=C9*1.2,D9>=C9*0.8),1,0) -> 0 | F9: =ABS(C9-D9) -> 1949 | G9: =POWER(F9,2) -> 3798601 | H9: =SQRT(SUM('r-pi-5'!$D$3:D9)/COUNTIF($A$3:A9,"<>0")) -> 40.498677
A10: 8 | B10: 2 | C10: 4600 | D10: 2586 | E10: =IF(AND(D10<=C10*1.2,D10>=C10*0.8),1,0) -> 0 | F10: =ABS(C10-D10) -> 2014 | G10: =POWER(F10,2) -> 4056196 | H10: =SQRT(SUM('r-pi-5'!$D$3:D10)/COUNTIF($A$3:A10,"<>0")) -> 41.932982
A11: 9 | B11: 2 | C11: 4600 | D11: 2661 | E11: =IF(AND(D11<=C11*1.2,D11>=C11*0.8),1,0) -> 0 | F11: =ABS(C11-D11) -> 1939 | G11: =POWER(F11,2) -> 3759721 | H11: =SQRT(SUM('r-pi-5'!$D$3:D11)/COUNTIF($A$3:A11,"<>0")) -> 43.112257
A12: 10 | B12: 2 | C12: 4600 | D12: 2603 | E12: =IF(AND(D12<=C12*1.2,D12>=C12*0.8),1,0) -> 0 | F12: =ABS(C12-D12) -> 1997 | G12: =POWER(F12,2) -> 3988009 | H12: =SQRT(SUM('r-pi-5'!$D$3:D12)/COUNTIF($A$3:A12,"<>0")) -> 43.967033
A13: 11 | B13: 3 | C13: 4600 | D13: 2684 | E13: =IF(AND(D13<=C13*1.2,D13>=C13*0.8),1,0) -> 0 | F13: =ABS(C13-D13) -> 1916 | G13: =POWER(F13,2) -> 3671056 | H13: =SQRT(SUM('r-pi-5'!$D$3:D13)/COUNTIF($A$3:A13,"<>0")) -> 44.736603
A14: 12 | B14: 3 | C14: 4600 | D14: 2683 | E14: =IF(AND(D14<=C14*1.2,D14>=C14*0.8),1,0) -> 0 | F14: =ABS(C14-D14) -> 1917 | G14: =POWER(F14,2) -> 3674889 | H14: =SQRT(SUM('r-pi-5'!$D$3:D14)/COUNTIF($A$3:A14,"<>0")) -> 45.367022
... A152: 150 | B152: 5 | C152: 4600 | D152: 4501 | E152: =IF(AND(D152<=C152*1.2,D152>=C152*0.8),1,0) -> 1 | F152: =ABS(C152-D152) -> 99 | G152: =POWER(F152,2) -> 9801 | H152: =SQRT(SUM('r-pi-5'!$D$3:D152)/COUNTIF($A$3:A152,"<>0")) -> 64.965581

Sheet r-pi-8
A1: Sample | B1: Link Credit | C1: Arrival Rate | E1: Goal range | F1: Setpoint-Measured | G1: F^2 | H1: Accumulated RMSE
C2: Setpoint | D2: Measured
A3: 1 | B3: 1 | C3: 6680 | D3: 407 | E3: =IF(AND(D3<=C3*1.2,D3>=C3*0.8),1,0) -> 0 | F3: =ABS(D3-C3) -> 6273 | G3: =POWER(F3,2) -> 39350529 | H3: =SQRT(SUM('r-pi-8'!$D$3:D3)/COUNTIF($A$3:A3,"<>0")) -> 20.174241
A4: 2 | B4: 1 | C4: 6680 | D4: 1365 | E4: =IF(AND(D4<=C4*1.2,D4>=C4*0.8),1,0) -> 0 | F4: =ABS(D4-C4) -> 5315 | G4: =POWER(F4,2) -> 28249225 | H4: =SQRT(SUM('r-pi-8'!$D$3:D4)/COUNTIF($A$3:A4,"<>0")) -> 29.765752
A5: 3 | B5: 2 | C5: 6680 | D5: 2579 | E5: =IF(AND(D5<=C5*1.2,D5>=C5*0.8),1,0) -> 0 | F5: =ABS(D5-C5) -> 4101 | G5: =POWER(F5,2) -> 16818201 | H5: =SQRT(SUM('r-pi-8'!$D$3:D5)/COUNTIF($A$3:A5,"<>0")) -> 38.083242
A6: 4 | B6: 2 | C6: 6680 | D6: 2523 | E6: =IF(AND(D6<=C6*1.2,D6>=C6*0.8),1,0) -> 0 | F6: =ABS(D6-C6) -> 4157 | G6: =POWER(F6,2) -> 17280649 | H6: =SQRT(SUM('r-pi-8'!$D$3:D6)/COUNTIF($A$3:A6,"<>0")) -> 41.454795
A7: 5 | B7: 2 | C7: 6680 | D7: 2541 | E7: =IF(AND(D7<=C7*1.2,D7>=C7*0.8),1,0) -> 0 | F7: =ABS(D7-C7) -> 4139 | G7: =POWER(F7,2) -> 17131321 | H7: =SQRT(SUM('r-pi-8'!$D$3:D7)/COUNTIF($A$3:A7,"<>0")) -> 43.393548
A8: 6 | B8: 3 | C8: 6680 | D8: 2505 | E8: =IF(AND(D8<=C8*1.2,D8>=C8*0.8),1,0) -> 0 | F8: =ABS(D8-C8) -> 4175 | G8: =POWER(F8,2) -> 17430625 | H8: =SQRT(SUM('r-pi-8'!$D$3:D8)/COUNTIF($A$3:A8,"<>0")) -> 44.572039
A9: 7 | B9: 3 | C9: 6680 | D9: 2627 | E9: =IF(AND(D9<=C9*1.2,D9>=C9*0.8),1,0) -> 0 | F9: =ABS(D9-C9) -> 4053 | G9: =POWER(F9,2) -> 16426809 | H9: =SQRT(SUM('r-pi-8'!$D$3:D9)/COUNTIF($A$3:A9,"<>0")) -> 45.586652
A10: 8 | B10: 4 | C10: 6680 | D10: 4254 | E10: =IF(AND(D10<=C10*1.2,D10>=C10*0.8),1,0) -> 0 | F10: =ABS(D10-C10) -> 2426 | G10: =POWER(F10,2) -> 5885476 | H10: =SQRT(SUM('r-pi-8'!$D$3:D10)/COUNTIF($A$3:A10,"<>0")) -> 48.478088
A11: 9 | B11: 3 | C11: 6680 | D11: 2610 | E11: =IF(AND(D11<=C11*1.2,D11>=C11*0.8),1,0) -> 0 | F11: =ABS(D11-C11) -> 4070 | G11: =POWER(F11,2) -> 16564900 | H11: =SQRT(SUM('r-pi-8'!$D$3:D11)/COUNTIF($A$3:A11,"<>0")) -> 48.774994
A12: 10 | B12: 4 | C12: 6680 | D12: 4156 | E12: =IF(AND(D12<=C12*1.2,D12>=C12*0.8),1,0) -> 0 | F12: =ABS(D12-C12) -> 2524 | G12: =POWER(F12,2) -> 6370576 | H12: =SQRT(SUM('r-pi-8'!$D$3:D12)/COUNTIF($A$3:A12,"<>0")) -> 50.563821
A13: 11 | B13: 4 | C13: 6680 | D13: 4018 | E13: =IF(AND(D13<=C13*1.2,D13>=C13*0.8),1,0) -> 0 | F13: =ABS(D13-C13) -> 2662 | G13: =POWER(F13,2) -> 7086244 | H13: =SQRT(SUM('r-pi-8'!$D$3:D13)/COUNTIF($A$3:A13,"<>0")) -> 51.860828
A14: 12 | B14: 4 | C14: 6680 | D14: 3397 | E14: =IF(AND(D14<=C14*1.2,D14>=C14*0.8),1,0) -> 0 | F14: =ABS(D14-C14) -> 3283 | G14: =POWER(F14,2) -> 10778089 | H14: =SQRT(SUM('r-pi-8'!$D$3:D14)/COUNTIF($A$3:A14,"<>0")) -> 52.426139
... A152: 150 | B152: 9 | C152: 6680 | D152: 6742 | E152: =IF(AND(D152<=C152*1.2,D152>=C152*0.8),1,0) -> 1 | F152: =ABS(D152-C152) -> 62 | G152: =POWER(F152,2) -> 3844 | H152: =SQRT(SUM('r-pi-8'!$D$3:D152)/COUNTIF($A$3:A152,"<>0")) -> 77.892961

Sheet r-pi-11
A1: Sample | B1: Link Credit | C1: Arrival Rate | E1: Goal range | F1: Setpoint-Measured | G1: F^2 | H1: Accumulated RMSE
C2: Setpoint | D2: Measured
A3: 1 | B3: 1 | C3: 8110 | D3: 1222 | E3: =IF(AND(D3<=C3*1.2,D3>=C3*0.8),1,0) -> 0 | F3: =ABS(C3-D3) -> 6888 | G3: =POWER(F3,2) -> 47444544 | H3: =SQRT(SUM('r-pi-11'!$D$3:D3)/COUNTIF($A$3:A3,"<>0")) -> 34.957117
A4: 2 | B4: 2 | C4: 8110 | D4: 2422 | E4: =IF(AND(D4<=C4*1.2,D4>=C4*0.8),1,0) -> 0 | F4: =ABS(C4-D4) -> 5688 | G4: =POWER(F4,2) -> 32353344 | H4: =SQRT(SUM('r-pi-11'!$D$3:D4)/COUNTIF($A$3:A4,"<>0")) -> 42.684892
A5: 3 | B5: 2 | C5: 8110 | D5: 2477 | E5: =IF(AND(D5<=C5*1.2,D5>=C5*0.8),1,0) -> 0 | F5: =ABS(C5-D5) -> 5633 | G5: =POWER(F5,2) -> 31730689 | H5: =SQRT(SUM('r-pi-11'!$D$3:D5)/COUNTIF($A$3:A5,"<>0")) -> 45.170049
A6: 4 | B6: 2 | C6: 8110 | D6: 2486 | E6: =IF(AND(D6<=C6*1.2,D6>=C6*0.8),1,0) -> 0 | F6: =ABS(C6-D6) -> 5624 | G6: =POWER(F6,2) -> 31629376 | H6: =SQRT(SUM('r-pi-11'!$D$3:D6)/COUNTIF($A$3:A6,"<>0")) -> 46.386959
A7: 5 | B7: 3 | C7: 8110 | D7: 2611 | E7: =IF(AND(D7<=C7*1.2,D7>=C7*0.8),1,0) -> 0 | F7: =ABS(C7-D7) -> 5499 | G7: =POWER(F7,2) -> 30239001 | H7: =SQRT(SUM('r-pi-11'!$D$3:D7)/COUNTIF($A$3:A7,"<>0")) -> 47.366655
A8: 6 | B8: 4 | C8: 8110 | D8: 4206 | E8: =IF(AND(D8<=C8*1.2,D8>=C8*0.8),1,0) -> 0 | F8: =ABS(C8-D8) -> 3904 | G8: =POWER(F8,2) -> 15241216 | H8: =SQRT(SUM('r-pi-11'!$D$3:D8)/COUNTIF($A$3:A8,"<>0")) -> 50.701742
A9: 7 | B9: 4 | C9: 8110 | D9: 4238 | E9: =IF(AND(D9<=C9*1.2,D9>=C9*0.8),1,0) -> 0 | F9: =ABS(C9-D9) -> 3872 | G9: =POWER(F9,2) -> 14992384 | H9: =SQRT(SUM('r-pi-11'!$D$3:D9)/COUNTIF($A$3:A9,"<>0")) -> 52.998652
A10: 8 | B10: 4 | C10: 8110 | D10: 4158 | E10: =IF(AND(D10<=C10*1.2,D10>=C10*0.8),1,0) -> 0 | F10: =ABS(C10-D10) -> 3952 | G10: =POWER(F10,2) -> 15618304 | H10: =SQRT(SUM('r-pi-11'!$D$3:D10)/COUNTIF($A$3:A10,"<>0")) -> 54.566473
A11: 9 | B11: 4 | C11: 8110 | D11: 4257 | E11: =IF(AND(D11<=C11*1.2,D11>=C11*0.8),1,0) -> 0 | F11: =ABS(C11-D11) -> 3853 | G11: =POWER(F11,2) -> 14845609 | H11: =SQRT(SUM('r-pi-11'!$D$3:D11)/COUNTIF($A$3:A11,"<>0")) -> 55.853976
A12: 10 | B12: 5 | C12: 8110 | D12: 4444 | E12: =IF(AND(D12<=C12*1.2,D12>=C12*0.8),1,0) -> 0 | F12: =ABS(C12-D12) -> 3666 | G12: =POWER(F12,2) -> 13439556 | H12: =SQRT(SUM('r-pi-11'!$D$3:D12)/COUNTIF($A$3:A12,"<>0")) -> 57.027186
A13: 11 | B13: 5 | C13: 8110 | D13: 4525 | E13: =IF(AND(D13<=C13*1.2,D13>=C13*0.8),1,0) -> 0 | F13: =ABS(C13-D13) -> 3585 | G13: =POWER(F13,2) -> 12852225 | H13: =SQRT(SUM('r-pi-11'!$D$3:D13)/COUNTIF($A$3:A13,"<>0")) -> 58.032906
A14: 12 | B14: 5 | C14: 8110 | D14: 4458 | E14: =IF(AND(D14<=C14*1.2,D14>=C14*0.8),1,0) -> 0 | F14: =ABS(C14-D14) -> 3652 | G14: =POWER(F14,2) -> 13337104 | H14: =SQRT(SUM('r-pi-11'!$D$3:D14)/COUNTIF($A$3:A14,"<>0")) -> 58.81043
... A152: 150 | B152: 11 | C152: 8110 | D152: 7923 | E152: =IF(AND(D152<=C152*1.2,D152>=C152*0.8),1,0) -> 1 | F152: =ABS(C152-D152) -> 187 | G152: =POWER(F152,2) -> 34969 | H152: =SQRT(SUM('r-pi-11'!$D$3:D152)/COUNTIF($A$3:A152,"<>0")) -> 85.487504

Sheet r-pi-14
A1: Sample | B1: Link Credit | C1: Arrival Rate | E1: Goal range | F1: Setpoint-Measured | G1: F^2 | H1: Accumulated RMSE
C2: Setpoint | D2: Measured
A3: 1 | B3: 1 | C3: 9500 | D3: 770 | E3: =IF(AND(D3<=C3*1.2,D3>=C3*0.8),1,0) -> 0 | F3: =ABS(C3-D3) -> 8730 | G3: =POWER(F3,2) -> 76212900 | H3: =SQRT(SUM('r-pi-14'!$D$3:D3)/COUNTIF($A$3:A3,"<>0")) -> 27.748874
A4: 2 | B4: 2 | C4: 9500 | D4: 2604 | E4: =IF(AND(D4<=C4*1.2,D4>=C4*0.8),1,0) -> 0 | F4: =ABS(C4-D4) -> 6896 | G4: =POWER(F4,2) -> 47554816 | H4: =SQRT(SUM('r-pi-14'!$D$3:D4)/COUNTIF($A$3:A4,"<>0")) -> 41.073106
A5: 3 | B5: 2 | C5: 9500 | D5: 2586 | E5: =IF(AND(D5<=C5*1.2,D5>=C5*0.8),1,0) -> 0 | F5: =ABS(C5-D5) -> 6914 | G5: =POWER(F5,2) -> 47803396 | H5: =SQRT(SUM('r-pi-14'!$D$3:D5)/COUNTIF($A$3:A5,"<>0")) -> 44.572039
A6: 4 | B6: 3 | C6: 9500 | D6: 2555 | E6: =IF(AND(D6<=C6*1.2,D6>=C6*0.8),1,0) -> 0 | F6: =ABS(C6-D6) -> 6945 | G6: =POWER(F6,2) -> 48233025 | H6: =SQRT(SUM('r-pi-14'!$D$3:D6)/COUNTIF($A$3:A6,"<>0")) -> 46.138379
A7: 5 | B7: 4 | C7: 9500 | D7: 4320 | E7: =IF(AND(D7<=C7*1.2,D7>=C7*0.8),1,0) -> 0 | F7: =ABS(C7-D7) -> 5180 | G7: =POWER(F7,2) -> 26832400 | H7: =SQRT(SUM('r-pi-14'!$D$3:D7)/COUNTIF($A$3:A7,"<>0")) -> 50.66557
A8: 6 | B8: 4 | C8: 9500 | D8: 4419 | E8: =IF(AND(D8<=C8*1.2,D8>=C8*0.8),1,0) -> 0 | F8: =ABS(C8-D8) -> 5081 | G8: =POWER(F8,2) -> 25816561 | H8: =SQRT(SUM('r-pi-14'!$D$3:D8)/COUNTIF($A$3:A8,"<>0")) -> 53.625243
A9: 7 | B9: 4 | C9: 9500 | D9: 4405 | E9: =IF(AND(D9<=C9*1.2,D9>=C9*0.8),1,0) -> 0 | F9: =ABS(C9-D9) -> 5095 | G9: =POWER(F9,2) -> 25959025 | H9: =SQRT(SUM('r-pi-14'!$D$3:D9)/COUNTIF($A$3:A9,"<>0")) -> 55.62502
A10: 8 | B10: 5 | C10: 9500 | D10: 4567 | E10: =IF(AND(D10<=C10*1.2,D10>=C10*0.8),1,0) -> 0 | F10: =ABS(C10-D10) -> 4933 | G10: =POWER(F10,2) -> 24334489 | H10: =SQRT(SUM('r-pi-14'!$D$3:D10)/COUNTIF($A$3:A10,"<>0")) -> 57.256004
A11: 9 | B11: 5 | C11: 9500 | D11: 4477 | E11: =IF(AND(D11<=C11*1.2,D11>=C11*0.8),1,0) -> 0 | F11: =ABS(C11-D11) -> 5023 | G11: =POWER(F11,2) -> 25230529 | H11: =SQRT(SUM('r-pi-14'!$D$3:D11)/COUNTIF($A$3:A11,"<>0")) -> 58.407572
A12: 10 | B12: 6 | C12: 9500 | D12: 5496 | E12: =IF(AND(D12<=C12*1.2,D12>=C12*0.8),1,0) -> 0 | F12: =ABS(C12-D12) -> 4004 | G12: =POWER(F12,2) -> 16032016 | H12: =SQRT(SUM('r-pi-14'!$D$3:D12)/COUNTIF($A$3:A12,"<>0")) -> 60.165605
A13: 11 | B13: 6 | C13: 9500 | D13: 5433 | E13: =IF(AND(D13<=C13*1.2,D13>=C13*0.8),1,0) -> 0 | F13: =ABS(C13-D13) -> 4067 | G13: =POWER(F13,2) -> 16540489 | H13: =SQRT(SUM('r-pi-14'!$D$3:D13)/COUNTIF($A$3:A13,"<>0")) -> 61.520137
A14: 12 | B14: 7 | C14: 9500 | D14: 6030 | E14: =IF(AND(D14<=C14*1.2,D14>=C14*0.8),1,0) -> 0 | F14: =ABS(C14-D14) -> 3470 | G14: =POWER(F14,2) -> 12040900 | H14: =SQRT(SUM('r-pi-14'!$D$3:D14)/COUNTIF($A$3:A14,"<>0")) -> 63.022483
... A152: 150 | B152: 14 | C152: 9500 | D152: 9286 | E152: =IF(AND(D152<=C152*1.2,D152>=C152*0.8),1,0) -> 1 | F152: =ABS(C152-D152) -> 214 | G152: =POWER(F152,2) -> 45796 | H152: =SQRT(SUM('r-pi-14'!$D$3:D152)/COUNTIF($A$3:A152,"<>0")) -> 92.192661

Sheet r-pi-multi
A1: Sample | B1: Link Credit | C1: Arrival Rate | E1: Goal range | F1: Setpoint-Measured | G1: NRMSE (V) | H1: F^2 | I1: Accumulated RMSE
C2: Setpoint | D2: Measured
A3: 1 | B3: 1 | C3: 4600 | D3: 250 | E3: =IF(AND(D3<=C3*1.2,D3>=C3*0.8),1,0) -> 0 | F3: =ABS(C3-D3) -> 4350 | G3: =POWER(ABS(C3-D3)/C3,2) -> 0.89425803 | H3: =POWER(F3,2) -> 18922500 | I3: =SQRT(SUM('r-pi-multi'!$D$3:D3)/COUNTIF($A$3:A3,"<>0")) -> 15.811388
A4: 2 | B4: 1 | C4: 4600 | D4: 1483 | E4: =IF(AND(D4<=C4*1.2,D4>=C4*0.8),1,0) -> 0 | F4: =ABS(C4-D4) -> 3117 | G4: =POWER(ABS(C4-D4)/C4,2) -> 0.45915354 | H4: =POWER(F4,2) -> 9715689 | I4: =SQRT(SUM('r-pi-multi'!$D$3:D4)/COUNTIF($A$3:A4,"<>0")) -> 29.436372
A5: 3 | B5: 1 | C5: 4600 | D5: 1666 | E5: =IF(AND(D5<=C5*1.2,D5>=C5*0.8),1,0) -> 0 | F5: =ABS(C5-D5) -> 2934 | G5: =POWER(ABS(C5-D5)/C5,2) -> 0.40682212 | H5: =POWER(F5,2) -> 8608356 | I5: =SQRT(SUM('r-pi-multi'!$D$3:D5)/COUNTIF($A$3:A5,"<>0")) -> 33.660065
A6: 4 | B6: 1 | C6: 4600 | D6: 1670 | E6: =IF(AND(D6<=C6*1.2,D6>=C6*0.8),1,0) -> 0 | F6: =ABS(C6-D6) -> 2930 | G6: =POWER(ABS(C6-D6)/C6,2) -> 0.40571361 | H6: =POWER(F6,2) -> 8584900 | I6: =SQRT(SUM('r-pi-multi'!$D$3:D6)/COUNTIF($A$3:A6,"<>0")) -> 35.598455
A7: 5 | B7: 1 | C7: 4600 | D7: 1669 | E7: =IF(AND(D7<=C7*1.2,D7>=C7*0.8),1,0) -> 0 | F7: =ABS(C7-D7) -> 2931 | G7: =POWER(ABS(C7-D7)/C7,2) -> 0.4059906 | H7: =POWER(F7,2) -> 8590761 | I7: =SQRT(SUM('r-pi-multi'!$D$3:D7)/COUNTIF($A$3:A7,"<>0")) -> 36.709672
A8: 6 | B8: 2 | C8: 4600 | D8: 2898 | E8: =IF(AND(D8<=C8*1.2,D8>=C8*0.8),1,0) -> 0 | F8: =ABS(C8-D8) -> 1702 | G8: =POWER(ABS(C8-D8)/C8,2) -> 0.1369 | H8: =POWER(F8,2) -> 2896804 | I8: =SQRT(SUM('r-pi-multi'!$D$3:D8)/COUNTIF($A$3:A8,"<>0")) -> 40.07493
A9: 7 | B9: 2 | C9: 4600 | D9: 2910 | E9: =IF(AND(D9<=C9*1.2,D9>=C9*0.8),1,0) -> 0 | F9: =ABS(C9-D9) -> 1690 | G9: =POWER(ABS(C9-D9)/C9,2) -> 0.13497637 | H9: =POWER(F9,2) -> 2856100 | I9: =SQRT(SUM('r-pi-multi'!$D$3:D9)/COUNTIF($A$3:A9,"<>0")) -> 42.335396
A10: 8 | B10: 2 | C10: 4600 | D10: 2858 | E10: =IF(AND(D10<=C10*1.2,D10>=C10*0.8),1,0) -> 0 | F10: =ABS(C10-D10) -> 1742 | G10: =POWER(ABS(C10-D10)/C10,2) -> 0.1434104 | H10: =POWER(F10,2) -> 3034564 | I10: =SQRT(SUM('r-pi-multi'!$D$3:D10)/COUNTIF($A$3:A10,"<>0")) -> 43.88052
A11: 9 | B11: 2 | C11: 4600 | D11: 2931 | E11: =IF(AND(D11<=C11*1.2,D11>=C11*0.8),1,0) -> 0 | F11: =ABS(C11-D11) -> 1669 | G11: =POWER(ABS(C11-D11)/C11,2) -> 0.13164277 | H11: =POWER(F11,2) -> 2785561 | I11: =SQRT(SUM('r-pi-multi'!$D$3:D11)/COUNTIF($A$3:A11,"<>0")) -> 45.135598
A12: 10 | B12: 2 | C12: 4600 | D12: 2889 | E12: =IF(AND(D12<=C12*1.2,D12>=C12*0.8),1,0) -> 0 | F12: =ABS(C12-D12) -> 1711 | G12: =POWER(ABS(C12-D12)/C12,2) -> 0.13835165 | H12: =POWER(F12,2) -> 2927521 | I12: =SQRT(SUM('r-pi-multi'!$D$3:D12)/COUNTIF($A$3:A12,"<>0")) -> 46.069513
A13: 11 | B13: 2 | C13: 4600 | D13: 2872 | E13: =IF(AND(D13<=C13*1.2,D13>=C13*0.8),1,0) -> 0 | F13: =ABS(C13-D13) -> 1728 | G13: =POWER(ABS(C13-D13)/C13,2) -> 0.14111456 | H13: =POWER(F13,2) -> 2985984 | I13: =SQRT(SUM('r-pi-multi'!$D$3:D13)/COUNTIF($A$3:A13,"<>0")) -> 46.803263
A14: 12 | B14: 2 | C14: 4600 | D14: 2895 | E14: =IF(AND(D14<=C14*1.2,D14>=C14*0.8),1,0) -> 0 | F14: =ABS(C14-D14) -> 1705 | G14: =POWER(ABS(C14-D14)/C14,2) -> 0.13738303 | H14: =POWER(F14,2) -> 2907025 | I14: =SQRT(SUM('r-pi-multi'!$D$3:D14)/COUNTIF($A$3:A14,"<>0")) -> 47.426259
... A902: 900 | B902: 6 | C902: 4600 | D902: 5041 | E902: =IF(AND(D902<=C902*1.2,D902>=C902*0.8),1,0) -> 1 | F902: =ABS(C902-D902) -> 441 | G902: =POWER(ABS(C902-D902)/C902,2) -> 0.0091909735 | H902: =POWER(F902,2) -> 194481 | I902: =SQRT(SUM('r-pi-multi'!$D$3:D902)/COUNTIF($A$3:A902,"<>0")) -> 77.121211

Sheet p-native-fixed
A1: Sample | B1: Arrival Rate | E1: Goal range | F1: Setpoint-Measured | G1: For NRMSE (V) | H1: F^2 | I1: Accumulated RMSE
B2: Setpoint | C2: Measured | D2: Output
A3: 1 | B3: 233 | C3: 96 | D3: 240 | E3: =IF(AND(C3<=B3*1.2,C3>=B3*0.8),1,0) -> 0 | F3: =ABS(B3-C3) -> 137 | G3: =POWER(ABS(B3-C3)/B3,2) -> 0.34572381 | H3: =POWER(F3,2) -> 18769 | I3: =SQRT(SUM('p-native-fixed'!$C$3:C3)/COUNTIF($A$3:A3,"<>0")) -> 9.797959
A4: 2 | B4: 233 | C4: 88 | D4: 51 | E4: =IF(AND(C4<=B4*1.2,C4>=B4*0.8),1,0) -> 0 | F4: =ABS(B4-C4) -> 145 | G4: =POWER(ABS(B4-C4)/B4,2) -> 0.38727919 | H4: =POWER(F4,2) -> 21025 | I4: =SQRT(SUM('p-native-fixed'!$C$3:C4)/COUNTIF($A$3:A4,"<>0")) -> 9.591663
A5: 3 | B5: 233 | C5: 74 | D5: 64 | E5: =IF(AND(C5<=B5*1.2,C5>=B5*0.8),1,0) -> 0 | F5: =ABS(B5-C5) -> 159 | G5: =POWER(ABS(B5-C5)/B5,2) -> 0.46567445 | H5: =POWER(F5,2) -> 25281 | I5: =SQRT(SUM('p-native-fixed'!$C$3:C5)/COUNTIF($A$3:A5,"<>0")) -> 9.2736185
A6: 4 | B6: 233 | C6: 76 | D6: 80 | E6: =IF(AND(C6<=B6*1.2,C6>=B6*0.8),1,0) -> 0 | F6: =ABS(B6-C6) -> 157 | G6: =POWER(ABS(B6-C6)/B6,2) -> 0.45403305 | H6: =POWER(F6,2) -> 24649 | I6: =SQRT(SUM('p-native-fixed'!$C$3:C6)/COUNTIF($A$3:A6,"<>0")) -> 9.1378334
A7: 5 | B7: 233 | C7: 88 | D7: 91 | E7: =IF(AND(C7<=B7*1.2,C7>=B7*0.8),1,0) -> 0 | F7: =ABS(B7-C7) -> 145 | G7: =POWER(ABS(B7-C7)/B7,2) -> 0.38727919 | H7: =POWER(F7,2) -> 21025 | I7: =SQRT(SUM('p-native-fixed'!$C$3:C7)/COUNTIF($A$3:A7,"<>0")) -> 9.1869473
A8: 6 | B8: 233 | C8: 96 | D8: 98 | E8: =IF(AND(C8<=B8*1.2,C8>=B8*0.8),1,0) -> 0 | F8: =ABS(B8-C8) -> 137 | G8: =POWER(ABS(B8-C8)/B8,2) -> 0.34572381 | H8: =POWER(F8,2) -> 18769 | I8: =SQRT(SUM('p-native-fixed'!$C$3:C8)/COUNTIF($A$3:A8,"<>0")) -> 9.2915732
A9: 7 | B9: 233 | C9: 104 | D9: 106 | E9: =IF(AND(C9<=B9*1.2,C9>=B9*0.8),1,0) -> 0 | F9: =ABS(B9-C9) -> 129 | G9: =POWER(ABS(B9-C9)/B9,2) -> 0.30652618 | H9: =POWER(F9,2) -> 16641 | I9: =SQRT(SUM('p-native-fixed'!$C$3:C9)/COUNTIF($A$3:A9,"<>0")) -> 9.4264067
A10: 8 | B10: 233 | C10: 111 | D10: 113 | E10: =IF(AND(C10<=B10*1.2,C10>=B10*0.8),1,0) -> 0 | F10: =ABS(B10-C10) -> 122 | G10: =POWER(ABS(B10-C10)/B10,2) -> 0.27416235 | H10: =POWER(F10,2) -> 14884 | I10: =SQRT(SUM('p-native-fixed'!$C$3:C10)/COUNTIF($A$3:A10,"<>0")) -> 9.5720949
A11: 9 | B11: 233 | C11: 118 | D11: 120 | E11: =IF(AND(C11<=B11*1.2,C11>=B11*0.8),1,0) -> 0 | F11: =ABS(B11-C11) -> 115 | G11: =POWER(ABS(B11-C11)/B11,2) -> 0.24360368 | H11: =POWER(F11,2) -> 13225 | I11: =SQRT(SUM('p-native-fixed'!$C$3:C11)/COUNTIF($A$3:A11,"<>0")) -> 9.7239681
A12: 10 | B12: 233 | C12: 125 | D12: 127 | E12: =IF(AND(C12<=B12*1.2,C12>=B12*0.8),1,0) -> 0 | F12: =ABS(B12-C12) -> 108 | G12: =POWER(ABS(B12-C12)/B12,2) -> 0.21485015 | H12: =POWER(F12,2) -> 11664 | I12: =SQRT(SUM('p-native-fixed'!$C$3:C12)/COUNTIF($A$3:A12,"<>0")) -> 9.8792712
A13: 11 | B13: 233 | C13: 131 | D13: 133 | E13: =IF(AND(C13<=B13*1.2,C13>=B13*0.8),1,0) -> 0 | F13: =ABS(B13-C13) -> 102 | G13: =POWER(ABS(B13-C13)/B13,2) -> 0.19164103 | H13: =POWER(F13,2) -> 10404 | I13: =SQRT(SUM('p-native-fixed'!$C$3:C13)/COUNTIF($A$3:A13,"<>0")) -> 10.031768
A14: 12 | B14: 233 | C14: 165 | D14: 139 | E14: =IF(AND(C14<=B14*1.2,C14>=B14*0.8),1,0) -> 0 | F14: =ABS(B14-C14) -> 68 | G14: =POWER(ABS(B14-C14)/B14,2) -> 0.085173792 | H14: =POWER(F14,2) -> 4624 | I14: =SQRT(SUM('p-native-fixed'!$C$3:C14)/COUNTIF($A$3:A14,"<>0")) -> 10.29563
... A152: 150 | B152: 233 | C152: 250 | D152: 210 | E152: =IF(AND(C152<=B152*1.2,C152>=B152*0.8),1,0) -> 1 | F152: =ABS(B152-C152) -> 17 | G152: =POWER(ABS(B152-C152)/B152,2) -> 0.005323362 | H152: =POWER(F152,2) -> 289 | I152: =SQRT(SUM('p-native-fixed'!$C$3:C152)/COUNTIF($A$3:A152,"<>0")) -> 14.632384

Sheet p-native-multi
A1: Sample | B1: Arrival Rate | E1: Goal range | F1: Setpoint-Measured | G1: For NRMSE (V) | H1: F^2 | I1: Accumulated RMSE
B2: Setpoint | C2: Measured | D2: Output
A3: 1 | B3: 233 | C3: 0 | D3: 233 | E3: =IF(AND(C3<=B3*1.2,C3>=B3*0.8),1,0) -> 0 | F3: =ABS(B3-C3) -> 233 | G3: =POWER(ABS(B3-C3)/B3,2) -> 1 | H3: =POWER(F3,2) -> 54289 | I3: =SQRT(SUM('p-native-multi'!$C$3:C3)/COUNTIF($A$3:A3,"<>0")) -> 0
A4: 2 | B4: 233 | C4: 237 | D4: 233 | E4: =IF(AND(C4<=B4*1.2,C4>=B4*0.8),1,0) -> 1 | F4: =ABS(B4-C4) -> 4 | G4: =POWER(ABS(B4-C4)/B4,2) -> 0.000294719 | H4: =POWER(F4,2) -> 16 | I4: =SQRT(SUM('p-native-multi'!$C$3:C4)/COUNTIF($A$3:A4,"<>0")) -> 10.885771
A5: 3 | B5: 233 | C5: 233 | D5: 233 | E5: =IF(AND(C5<=B5*1.2,C5>=B5*0.8),1,0) -> 1 | F5: =ABS(B5-C5) -> 0 | G5: =POWER(ABS(B5-C5)/B5,2) -> 0 | H5: =POWER(F5,2) -> 0 | I5: =SQRT(SUM('p-native-multi'!$C$3:C5)/COUNTIF($A$3:A5,"<>0")) -> 12.516656
A6: 4 | B6: 233 | C6: 253 | D6: 233 | E6: =IF(AND(C6<=B6*1.2,C6>=B6*0.8),1,0) -> 1 | F6: =ABS(B6-C6) -> 20 | G6: =POWER(ABS(B6-C6)/B6,2) -> 0.0073679751 | H6: =POWER(F6,2) -> 400 | I6: =SQRT(SUM('p-native-multi'!$C$3:C6)/COUNTIF($A$3:A6,"<>0")) -> 13.44433
A7: 5 | B7: 233 | C7: 206 | D7: 233 | E7: =IF(AND(C7<=B7*1.2,C7>=B7*0.8),1,0) -> 1 | F7: =ABS(B7-C7) -> 27 | G7: =POWER(ABS(B7-C7)/B7,2) -> 0.013428135 | H7: =POWER(F7,2) -> 729 | I7: =SQRT(SUM('p-native-multi'!$C$3:C7)/COUNTIF($A$3:A7,"<>0")) -> 13.630847
A8: 6 | B8: 233 | C8: 246 | D8: 233 | E8: =IF(AND(C8<=B8*1.2,C8>=B8*0.8),1,0) -> 1 | F8: =ABS(B8-C8) -> 13 | G8: =POWER(ABS(B8-C8)/B8,2) -> 0.0031129695 | H8: =POWER(F8,2) -> 169 | I8: =SQRT(SUM('p-native-multi'!$C$3:C8)/COUNTIF($A$3:A8,"<>0")) -> 13.994046
A9: 7 | B9: 233 | C9: 246 | D9: 233 | E9: =IF(AND(C9<=B9*1.2,C9>=B9*0.8),1,0) -> 1 | F9: =ABS(B9-C9) -> 13 | G9: =POWER(ABS(B9-C9)/B9,2) -> 0.0031129695 | H9: =POWER(F9,2) -> 169 | I9: =SQRT(SUM('p-native-multi'!$C$3:C9)/COUNTIF($A$3:A9,"<>0")) -> 14.247807
A10: 8 | B10: 233 | C10: 233 | D10: 233 | E10: =IF(AND(C10<=B10*1.2,C10>=B10*0.8),1,0) -> 1 | F10: =ABS(B10-C10) -> 0 | G10: =POWER(ABS(B10-C10)/B10,2) -> 0 | H10: =POWER(F10,2) -> 0 | I10: =SQRT(SUM('p-native-multi'!$C$3:C10)/COUNTIF($A$3:A10,"<>0")) -> 14.378804
A11: 9 | B11: 233 | C11: 266 | D11: 233 | E11: =IF(AND(C11<=B11*1.2,C11>=B11*0.8),1,0) -> 1 | F11: =ABS(B11-C11) -> 33 | G11: =POWER(ABS(B11-C11)/B11,2) -> 0.020059312 | H11: =POWER(F11,2) -> 1089 | I11: =SQRT(SUM('p-native-multi'!$C$3:C11)/COUNTIF($A$3:A11,"<>0")) -> 14.605935
A12: 10 | B12: 233 | C12: 246 | D12: 233 | E12: =IF(AND(C12<=B12*1.2,C12>=B12*0.8),1,0) -> 1 | F12: =ABS(B12-C12) -> 13 | G12: =POWER(ABS(B12-C12)/B12,2) -> 0.0031129695 | H12: =POWER(F12,2) -> 169 | I12: =SQRT(SUM('p-native-multi'!$C$3:C12)/COUNTIF($A$3:A12,"<>0")) -> 14.717337
A13: 11 | B13: 233 | C13: 246 | D13: 233 | E13: =IF(AND(C13<=B13*1.2,C13>=B13*0.8),1,0) -> 1 | F13: =ABS(B13-C13) -> 13 | G13: =POWER(ABS(B13-C13)/B13,2) -> 0.0031129695 | H13: =POWER(F13,2) -> 169 | I13: =SQRT(SUM('p-native-multi'!$C$3:C13)/COUNTIF($A$3:A13,"<>0")) -> 14.80786
A14: 12 | B14: 233 | C14: 206 | D14: 233 | E14: =IF(AND(C14<=B14*1.2,C14>=B14*0.8),1,0) -> 1 | F14: =ABS(B14-C14) -> 27 | G14: =POWER(ABS(B14-C14)/B14,2) -> 0.013428135 | H14: =POWER(F14,2) -> 729 | I14: =SQRT(SUM('p-native-multi'!$C$3:C14)/COUNTIF($A$3:A14,"<>0")) -> 14.770466
... A902: 900 | B902: 233 | C902: 273 | D902: 233 | E902: =IF(AND(C902<=B902*1.2,C902>=B902*0.8),1,0) -> 1 | F902: =ABS(B902-C902) -> 40 | G902: =POWER(ABS(B902-C902)/B902,2) -> 0.0294719 | H902: =POWER(F902,2) -> 1600 | I902: =SQRT(SUM('p-native-multi'!$C$3:C902)/COUNTIF($A$3:A902,"<>0")) -> 15.845995

Sheet p-pi-3
A1: Sample | B1: Arrival Rate | E1: Goal range | F1: Setpoint-Measured | G1: F^2 | H1: Accumulated RMSE
B2: Setpoint | C2: Measured | D2: Output
A3: 1 | B3: 50 | C3: 0 | D3: 50 | E3: =IF(AND(C3<=B3*1.2,C3>=B3*0.8),1,0) -> 0 | F3: =ABS(B3-C3) -> 50 | G3: =POWER(F3,2) -> 2500 | H3: =SQRT(SUM('p-pi-3'!$C$3:C3)/COUNTIF($A$3:A3,"<>0")) -> 0
A4: 2 | B4: 50 | C4: 19 | D4: 18 | E4: =IF(AND(C4<=B4*1.2,C4>=B4*0.8),1,0) -> 0 | F4: =ABS(B4-C4) -> 31 | G4: =POWER(F4,2) -> 961 | H4: =SQRT(SUM('p-pi-3'!$C$3:C4)/COUNTIF($A$3:A4,"<>0")) -> 3.082207
A5: 3 | B5: 50 | C5: 15 | D5: 15 | E5: =IF(AND(C5<=B5*1.2,C5>=B5*0.8),1,0) -> 0 | F5: =ABS(B5-C5) -> 35 | G5: =POWER(F5,2) -> 1225 | H5: =SQRT(SUM('p-pi-3'!$C$3:C5)/COUNTIF($A$3:A5,"<>0")) -> 3.3665016
A6: 4 | B6: 50 | C6: 21 | D6: 18 | E6: =IF(AND(C6<=B6*1.2,C6>=B6*0.8),1,0) -> 0 | F6: =ABS(B6-C6) -> 29 | G6: =POWER(F6,2) -> 841 | H6: =SQRT(SUM('p-pi-3'!$C$3:C6)/COUNTIF($A$3:A6,"<>0")) -> 3.7080992
A7: 5 | B7: 50 | C7: 18 | D7: 19 | E7: =IF(AND(C7<=B7*1.2,C7>=B7*0.8),1,0) -> 0 | F7: =ABS(B7-C7) -> 32 | G7: =POWER(F7,2) -> 1024 | H7: =SQRT(SUM('p-pi-3'!$C$3:C7)/COUNTIF($A$3:A7,"<>0")) -> 3.8209946
A8: 6 | B8: 50 | C8: 25 | D8: 22 | E8: =IF(AND(C8<=B8*1.2,C8>=B8*0.8),1,0) -> 0 | F8: =ABS(B8-C8) -> 25 | G8: =POWER(F8,2) -> 625 | H8: =SQRT(SUM('p-pi-3'!$C$3:C8)/COUNTIF($A$3:A8,"<>0")) -> 4.0414519
A9: 7 | B9: 50 | C9: 17 | D9: 22 | E9: =IF(AND(C9<=B9*1.2,C9>=B9*0.8),1,0) -> 0 | F9: =ABS(B9-C9) -> 33 | G9: =POWER(F9,2) -> 1089 | H9: =SQRT(SUM('p-pi-3'!$C$3:C9)/COUNTIF($A$3:A9,"<>0")) -> 4.0532174
A10: 8 | B10: 50 | C10: 31 | D10: 27 | E10: =IF(AND(C10<=B10*1.2,C10>=B10*0.8),1,0) -> 0 | F10: =ABS(B10-C10) -> 19 | G10: =POWER(F10,2) -> 361 | H10: =SQRT(SUM('p-pi-3'!$C$3:C10)/COUNTIF($A$3:A10,"<>0")) -> 4.2720019
A11: 9 | B11: 50 | C11: 24 | D11: 24 | E11: =IF(AND(C11<=B11*1.2,C11>=B11*0.8),1,0) -> 0 | F11: =ABS(B11-C11) -> 26 | G11: =POWER(F11,2) -> 676 | H11: =SQRT(SUM('p-pi-3'!$C$3:C11)/COUNTIF($A$3:A11,"<>0")) -> 4.3461349
A12: 10 | B12: 50 | C12: 27 | D12: 28 | E12: =IF(AND(C12<=B12*1.2,C12>=B12*0.8),1,0) -> 0 | F12: =ABS(B12-C12) -> 23 | G12: =POWER(F12,2) -> 529 | H12: =SQRT(SUM('p-pi-3'!$C$3:C12)/COUNTIF($A$3:A12,"<>0")) -> 4.4384682
A13: 11 | B13: 50 | C13: 28 | D13: 29 | E13: =IF(AND(C13<=B13*1.2,C13>=B13*0.8),1,0) -> 0 | F13: =ABS(B13-C13) -> 22 | G13: =POWER(F13,2) -> 484 | H13: =SQRT(SUM('p-pi-3'!$C$3:C13)/COUNTIF($A$3:A13,"<>0")) -> 4.5226702
A14: 12 | B14: 50 | C14: 29 | D14: 30 | E14: =IF(AND(C14<=B14*1.2,C14>=B14*0.8),1,0) -> 0 | F14: =ABS(B14-C14) -> 21 | G14: =POWER(F14,2) -> 441 | H14: =SQRT(SUM('p-pi-3'!$C$3:C14)/COUNTIF($A$3:A14,"<>0")) -> 4.6007246
... A152: 150 | B152: 50 | C152: 48 | D152: 49 | E152: =IF(AND(C152<=B152*1.2,C152>=B152*0.8),1,0) -> 1 | F152: =ABS(B152-C152) -> 2 | G152: =POWER(F152,2) -> 4 | H152: =SQRT(SUM('p-pi-3'!$C$3:C152)/COUNTIF($A$3:A152,"<>0")) -> 6.7295369
A153: 151 | B153: 5 | C153: 9500 | D153: 4462
A154: 152 | B154: 7 | C154: 9500 | D154: 5729
A155: 153 | B155: 7 | C155: 9500 | D155: 5736
A156: 154 | B156: 7 | C156: 9500 | D156: 5805
A157: 155 | B157: 8 | C157: 9500 | D157: 6571
A158: 156 | B158: 8 | C158: 9500 | D158: 6615
A159: 157 | B159: 8 | C159: 9500 | D159: 6549
A160: 158 | B160: 9 | C160: 9500 | D160: 6859
A161: 159 | B161: 9 | C161: 9500 | D161: 7011
A162: 160 | B162: 9 | C162: 9500 | D162: 7007
A163: 161 | B163: 9 | C163: 9500 | D163: 7117
A164: 162 | B164: 9 | C164: 9500 | D164: 7083
... A902: 900 | B902: 6 | C902: 4600 | D902: 5041

Sheet p-pi-6
A1: Sample | B1: Arrival Rate | E1: Goal range | F1: Setpoint-Measured | G1: F^2 | H1: Accumulated RMSE
B2: Setpoint | C2: Measured | D2: Output
A3: 1 | B3: 233 | C3: 8 | D3: 233 | E3: =IF(AND(C3<=B3*1.2,C3>=B3*0.8),1,0) -> 0 | F3: =ABS(B3-C3) -> 225 | G3: =POWER(F3,2) -> 50625 | H3: =SQRT(SUM('p-pi-6'!$C$3:C3)/COUNTIF($A$3:A3,"<>0")) -> 2.8284271
A4: 2 | B4: 233 | C4: 87 | D4: 84 | E4: =IF(AND(C4<=B4*1.2,C4>=B4*0.8),1,0) -> 0 | F4: =ABS(B4-C4) -> 146 | G4: =POWER(F4,2) -> 21316 | H4: =SQRT(SUM('p-pi-6'!$C$3:C4)/COUNTIF($A$3:A4,"<>0")) -> 6.8920244
A5: 3 | B5: 233 | C5: 73 | D5: 71 | E5: =IF(AND(C5<=B5*1.2,C5>=B5*0.8),1,0) -> 0 | F5: =ABS(B5-C5) -> 160 | G5: =POWER(F5,2) -> 25600 | H5: =SQRT(SUM('p-pi-6'!$C$3:C5)/COUNTIF($A$3:A5,"<>0")) -> 7.4833148
A6: 4 | B6: 233 | C6: 83 | D6: 87 | E6: =IF(AND(C6<=B6*1.2,C6>=B6*0.8),1,0) -> 0 | F6: =ABS(B6-C6) -> 150 | G6: =POWER(F6,2) -> 22500 | H6: =SQRT(SUM('p-pi-6'!$C$3:C6)/COUNTIF($A$3:A6,"<>0")) -> 7.9214898
A7: 5 | B7: 233 | C7: 55 | D7: 95 | E7: =IF(AND(C7<=B7*1.2,C7>=B7*0.8),1,0) -> 0 | F7: =ABS(B7-C7) -> 178 | G7: =POWER(F7,2) -> 31684 | H7: =SQRT(SUM('p-pi-6'!$C$3:C7)/COUNTIF($A$3:A7,"<>0")) -> 7.8230429
A8: 6 | B8: 233 | C8: 131 | D8: 117 | E8: =IF(AND(C8<=B8*1.2,C8>=B8*0.8),1,0) -> 0 | F8: =ABS(B8-C8) -> 102 | G8: =POWER(F8,2) -> 10404 | H8: =SQRT(SUM('p-pi-6'!$C$3:C8)/COUNTIF($A$3:A8,"<>0")) -> 8.5342447
A9: 7 | B9: 233 | C9: 84 | D9: 102 | E9: =IF(AND(C9<=B9*1.2,C9>=B9*0.8),1,0) -> 0 | F9: =ABS(B9-C9) -> 149 | G9: =POWER(F9,2) -> 22201 | H9: =SQRT(SUM('p-pi-6'!$C$3:C9)/COUNTIF($A$3:A9,"<>0")) -> 8.6271995
A10: 8 | B10: 233 | C10: 162 | D10: 127 | E10: =IF(AND(C10<=B10*1.2,C10>=B10*0.8),1,0) -> 0 | F10: =ABS(B10-C10) -> 71 | G10: =POWER(F10,2) -> 5041 | H10: =SQRT(SUM('p-pi-6'!$C$3:C10)/COUNTIF($A$3:A10,"<>0")) -> 9.2398593
A11: 9 | B11: 233 | C11: 89 | D11: 109 | E11: =IF(AND(C11<=B11*1.2,C11>=B11*0.8),1,0) -> 0 | F11: =ABS(B11-C11) -> 144 | G11: =POWER(F11,2) -> 20736 | H11: =SQRT(SUM('p-pi-6'!$C$3:C11)/COUNTIF($A$3:A11,"<>0")) -> 9.2616293
A12: 10 | B12: 233 | C12: 135 | D12: 142 | E12: =IF(AND(C12<=B12*1.2,C12>=B12*0.8),1,0) -> 0 | F12: =ABS(B12-C12) -> 98 | G12: =POWER(F12,2) -> 9604 | H12: =SQRT(SUM('p-pi-6'!$C$3:C12)/COUNTIF($A$3:A12,"<>0")) -> 9.5236548
A13: 11 | B13: 233 | C13: 176 | D13: 135 | E13: =IF(AND(C13<=B13*1.2,C13>=B13*0.8),1,0) -> 0 | F13: =ABS(B13-C13) -> 57 | G13: =POWER(F13,2) -> 3249 | H13: =SQRT(SUM('p-pi-6'!$C$3:C13)/COUNTIF($A$3:A13,"<>0")) -> 9.9224264
A14: 12 | B14: 233 | C14: 97 | D14: 127 | E14: =IF(AND(C14<=B14*1.2,C14>=B14*0.8),1,0) -> 0 | F14: =ABS(B14-C14) -> 136 | G14: =POWER(F14,2) -> 18496 | H14: =SQRT(SUM('p-pi-6'!$C$3:C14)/COUNTIF($A$3:A14,"<>0")) -> 9.9163165
... A152: 150 | B152: 233 | C152: 202 | D152: 267 | E152: =IF(AND(C152<=B152*1.2,C152>=B152*0.8),1,0) -> 1 | F152: =ABS(B152-C152) -> 31 | G152: =POWER(F152,2) -> 961 | H152: =SQRT(SUM('p-pi-6'!$C$3:C152)/COUNTIF($A$3:A152,"<>0")) -> 14.399537

Sheet p-pi-9
A1: Sample | B1: Arrival Rate | E1: Goal range | F1: Setpoint-Measured | G1: F^2 | H1: Accumulated RMSE
B2: Setpoint | C2: Measured | D2: Output
A3: 1 | B3: 343 | C3: 137 | D3: 343 | E3: =IF(AND(C3<=B3*1.2,C3>=B3*0.8),1,0) -> 0 | F3: =ABS(B3-C3) -> 206 | G3: =POWER(F3,2) -> 42436 | H3: =SQRT(SUM('p-pi-9'!$C$3:C3)/COUNTIF($A$3:A3,"<>0")) -> 11.7047
A4: 2 | B4: 343 | C4: 145 | D4: 77 | E4: =IF(AND(C4<=B4*1.2,C4>=B4*0.8),1,0) -> 0 | F4: =ABS(B4-C4) -> 198 | G4: =POWER(F4,2) -> 39204 | H4: =SQRT(SUM('p-pi-9'!$C$3:C4)/COUNTIF($A$3:A4,"<>0")) -> 11.874342
A5: 3 | B5: 343 | C5: 86 | D5: 89 | E5: =IF(AND(C5<=B5*1.2,C5>=B5*0.8),1,0) -> 0 | F5: =ABS(B5-C5) -> 257 | G5: =POWER(F5,2) -> 66049 | H5: =SQRT(SUM('p-pi-9'!$C$3:C5)/COUNTIF($A$3:A5,"<>0")) -> 11.075498
A6: 4 | B6: 343 | C6: 138 | D6: 126 | E6: =IF(AND(C6<=B6*1.2,C6>=B6*0.8),1,0) -> 0 | F6: =ABS(B6-C6) -> 205 | G6: =POWER(F6,2) -> 42025 | H6: =SQRT(SUM('p-pi-9'!$C$3:C6)/COUNTIF($A$3:A6,"<>0")) -> 11.247222
A7: 5 | B7: 343 | C7: 126 | D7: 126 | E7: =IF(AND(C7<=B7*1.2,C7>=B7*0.8),1,0) -> 0 | F7: =ABS(B7-C7) -> 217 | G7: =POWER(F7,2) -> 47089 | H7: =SQRT(SUM('p-pi-9'!$C$3:C7)/COUNTIF($A$3:A7,"<>0")) -> 11.242775
A8: 6 | B8: 343 | C8: 142 | D8: 146 | E8: =IF(AND(C8<=B8*1.2,C8>=B8*0.8),1,0) -> 0 | F8: =ABS(B8-C8) -> 201 | G8: =POWER(F8,2) -> 40401 | H8: =SQRT(SUM('p-pi-9'!$C$3:C8)/COUNTIF($A$3:A8,"<>0")) -> 11.357817
A9: 7 | B9: 343 | C9: 154 | D9: 156 | E9: =IF(AND(C9<=B9*1.2,C9>=B9*0.8),1,0) -> 0 | F9: =ABS(B9-C9) -> 189 | G9: =POWER(F9,2) -> 35721 | H9: =SQRT(SUM('p-pi-9'!$C$3:C9)/COUNTIF($A$3:A9,"<>0")) -> 11.513967
A10: 8 | B10: 343 | C10: 164 | D10: 166 | E10: =IF(AND(C10<=B10*1.2,C10>=B10*0.8),1,0) -> 0 | F10: =ABS(B10-C10) -> 179 | G10: =POWER(F10,2) -> 32041 | H10: =SQRT(SUM('p-pi-9'!$C$3:C10)/COUNTIF($A$3:A10,"<>0")) -> 11.683321
A11: 9 | B11: 343 | C11: 174 | D11: 177 | E11: =IF(AND(C11<=B11*1.2,C11>=B11*0.8),1,0) -> 0 | F11: =ABS(B11-C11) -> 169 | G11: =POWER(F11,2) -> 28561 | H11: =SQRT(SUM('p-pi-9'!$C$3:C11)/COUNTIF($A$3:A11,"<>0")) -> 11.860298
A12: 10 | B12: 343 | C12: 221 | D12: 186 | E12: =IF(AND(C12<=B12*1.2,C12>=B12*0.8),1,0) -> 0 | F12: =ABS(B12-C12) -> 122 | G12: =POWER(F12,2) -> 14884 | H12: =SQRT(SUM('p-pi-9'!$C$3:C12)/COUNTIF($A$3:A12,"<>0")) -> 12.194261
A13: 11 | B13: 343 | C13: 182 | D13: 181 | E13: =IF(AND(C13<=B13*1.2,C13>=B13*0.8),1,0) -> 0 | F13: =ABS(B13-C13) -> 161 | G13: =POWER(F13,2) -> 25921 | H13: =SQRT(SUM('p-pi-9'!$C$3:C13)/COUNTIF($A$3:A13,"<>0")) -> 12.317762
A14: 12 | B14: 343 | C14: 220 | D14: 205 | E14: =IF(AND(C14<=B14*1.2,C14>=B14*0.8),1,0) -> 0 | F14: =ABS(B14-C14) -> 123 | G14: =POWER(F14,2) -> 15129 | H14: =SQRT(SUM('p-pi-9'!$C$3:C14)/COUNTIF($A$3:A14,"<>0")) -> 12.54658
... A152: 150 | B152: 343 | C152: 368 | D152: 328 | E152: =IF(AND(C152<=B152*1.2,C152>=B152*0.8),1,0) -> 1 | F152: =ABS(B152-C152) -> 25 | G152: =POWER(F152,2) -> 625 | H152: =SQRT(SUM('p-pi-9'!$C$3:C152)/COUNTIF($A$3:A152,"<>0")) -> 17.72249

Sheet p-pi-12
A1: Sample | B1: Arrival Rate | E1: Goal range | F1: Setpoint-Measured | G1: F^2 | H1: Accumulated RMSE
B2: Setpoint | C2: Measured | D2: Output
A3: 1 | B3: 452 | C3: 181 | D3: 452 | E3: =IF(AND(C3<=B3*1.2,C3>=B3*0.8),1,0) -> 0 | F3: =ABS(B3-C3) -> 271 | G3: =POWER(F3,2) -> 73441 | H3: =SQRT(SUM('p-pi-12'!$C$3:C3)/COUNTIF($A$3:A3,"<>0")) -> 13.453624
A4: 2 | B4: 452 | C4: 171 | D4: 101 | E4: =IF(AND(C4<=B4*1.2,C4>=B4*0.8),1,0) -> 0 | F4: =ABS(B4-C4) -> 281 | G4: =POWER(F4,2) -> 78961 | H4: =SQRT(SUM('p-pi-12'!$C$3:C4)/COUNTIF($A$3:A4,"<>0")) -> 13.266499
A5: 3 | B5: 452 | C5: 140 | D5: 125 | E5: =IF(AND(C5<=B5*1.2,C5>=B5*0.8),1,0) -> 0 | F5: =ABS(B5-C5) -> 312 | G5: =POWER(F5,2) -> 97344 | H5: =SQRT(SUM('p-pi-12'!$C$3:C5)/COUNTIF($A$3:A5,"<>0")) -> 12.806248
A6: 4 | B6: 452 | C6: 151 | D6: 158 | E6: =IF(AND(C6<=B6*1.2,C6>=B6*0.8),1,0) -> 0 | F6: =ABS(B6-C6) -> 301 | G6: =POWER(F6,2) -> 90601 | H6: =SQRT(SUM('p-pi-12'!$C$3:C6)/COUNTIF($A$3:A6,"<>0")) -> 12.678722
A7: 5 | B7: 452 | C7: 173 | D7: 177 | E7: =IF(AND(C7<=B7*1.2,C7>=B7*0.8),1,0) -> 0 | F7: =ABS(B7-C7) -> 279 | G7: =POWER(F7,2) -> 77841 | H7: =SQRT(SUM('p-pi-12'!$C$3:C7)/COUNTIF($A$3:A7,"<>0")) -> 12.774976
A8: 6 | B8: 452 | C8: 226 | D8: 191 | E8: =IF(AND(C8<=B8*1.2,C8>=B8*0.8),1,0) -> 0 | F8: =ABS(B8-C8) -> 226 | G8: =POWER(F8,2) -> 51076 | H8: =SQRT(SUM('p-pi-12'!$C$3:C8)/COUNTIF($A$3:A8,"<>0")) -> 13.178265
A9: 7 | B9: 452 | C9: 191 | D9: 192 | E9: =IF(AND(C9<=B9*1.2,C9>=B9*0.8),1,0) -> 0 | F9: =ABS(B9-C9) -> 261 | G9: =POWER(F9,2) -> 68121 | H9: =SQRT(SUM('p-pi-12'!$C$3:C9)/COUNTIF($A$3:A9,"<>0")) -> 13.271882
A10: 8 | B10: 452 | C10: 216 | D10: 222 | E10: =IF(AND(C10<=B10*1.2,C10>=B10*0.8),1,0) -> 0 | F10: =ABS(B10-C10) -> 236 | G10: =POWER(F10,2) -> 55696 | H10: =SQRT(SUM('p-pi-12'!$C$3:C10)/COUNTIF($A$3:A10,"<>0")) -> 13.458269
A11: 9 | B11: 452 | C11: 250 | D11: 233 | E11: =IF(AND(C11<=B11*1.2,C11>=B11*0.8),1,0) -> 0 | F11: =ABS(B11-C11) -> 202 | G11: =POWER(F11,2) -> 40804 | H11: =SQRT(SUM('p-pi-12'!$C$3:C11)/COUNTIF($A$3:A11,"<>0")) -> 13.739643
A12: 10 | B12: 452 | C12: 236 | D12: 237 | E12: =IF(AND(C12<=B12*1.2,C12>=B12*0.8),1,0) -> 0 | F12: =ABS(B12-C12) -> 216 | G12: =POWER(F12,2) -> 46656 | H12: =SQRT(SUM('p-pi-12'!$C$3:C12)/COUNTIF($A$3:A12,"<>0")) -> 13.910428
A13: 11 | B13: 452 | C13: 242 | D13: 258 | E13: =IF(AND(C13<=B13*1.2,C13>=B13*0.8),1,0) -> 0 | F13: =ABS(B13-C13) -> 210 | G13: =POWER(F13,2) -> 44100 | H13: =SQRT(SUM('p-pi-12'!$C$3:C13)/COUNTIF($A$3:A13,"<>0")) -> 14.068017
A14: 12 | B14: 452 | C14: 254 | D14: 272 | E14: =IF(AND(C14<=B14*1.2,C14>=B14*0.8),1,0) -> 0 | F14: =ABS(B14-C14) -> 198 | G14: =POWER(F14,2) -> 39204 | H14: =SQRT(SUM('p-pi-12'!$C$3:C14)/COUNTIF($A$3:A14,"<>0")) -> 14.233177
... A152: 150 | B152: 452 | C152: 451 | D152: 391 | E152: =IF(AND(C152<=B152*1.2,C152>=B152*0.8),1,0) -> 1 | F152: =ABS(B152-C152) -> 1 | G152: =POWER(F152,2) -> 1 | H152: =SQRT(SUM('p-pi-12'!$C$3:C152)/COUNTIF($A$3:A152,"<>0")) -> 20.389213

Sheet p-pi-14
A1: Sample | B1: Arrival Rate | E1: Goal range | F1: Setpoint-Measured | G1: F^2 | H1: Accumulated RMSE
B2: Setpoint | C2: Measured | D2: Output
A3: 1 | B3: 497 | C3: 199 | D3: 497 | E3: =IF(AND(C3<=B3*1.2,C3>=B3*0.8),1,0) -> 0 | F3: =ABS(B3-C3) -> 298 | G3: =POWER(F3,2) -> 88804 | H3: =SQRT(SUM('p-pi-14'!$C$3:C3)/COUNTIF($A$3:A3,"<>0")) -> 14.106736
A4: 2 | B4: 497 | C4: 188 | D4: 111 | E4: =IF(AND(C4<=B4*1.2,C4>=B4*0.8),1,0) -> 0 | F4: =ABS(B4-C4) -> 309 | G4: =POWER(F4,2) -> 95481 | H4: =SQRT(SUM('p-pi-14'!$C$3:C4)/COUNTIF($A$3:A4,"<>0")) -> 13.910428
A5: 3 | B5: 497 | C5: 132 | D5: 138 | E5: =IF(AND(C5<=B5*1.2,C5>=B5*0.8),1,0) -> 0 | F5: =ABS(B5-C5) -> 365 | G5: =POWER(F5,2) -> 133225 | H5: =SQRT(SUM('p-pi-14'!$C$3:C5)/COUNTIF($A$3:A5,"<>0")) -> 13.152946
A6: 4 | B6: 497 | C6: 173 | D6: 182 | E6: =IF(AND(C6<=B6*1.2,C6>=B6*0.8),1,0) -> 0 | F6: =ABS(B6-C6) -> 324 | G6: =POWER(F6,2) -> 104976 | H6: =SQRT(SUM('p-pi-14'!$C$3:C6)/COUNTIF($A$3:A6,"<>0")) -> 13.152946
A7: 5 | B7: 497 | C7: 191 | D7: 194 | E7: =IF(AND(C7<=B7*1.2,C7>=B7*0.8),1,0) -> 0 | F7: =ABS(B7-C7) -> 306 | G7: =POWER(F7,2) -> 93636 | H7: =SQRT(SUM('p-pi-14'!$C$3:C7)/COUNTIF($A$3:A7,"<>0")) -> 13.289093
A8: 6 | B8: 497 | C8: 207 | D8: 211 | E8: =IF(AND(C8<=B8*1.2,C8>=B8*0.8),1,0) -> 0 | F8: =ABS(B8-C8) -> 290 | G8: =POWER(F8,2) -> 84100 | H8: =SQRT(SUM('p-pi-14'!$C$3:C8)/COUNTIF($A$3:A8,"<>0")) -> 13.478378
A9: 7 | B9: 497 | C9: 244 | D9: 228 | E9: =IF(AND(C9<=B9*1.2,C9>=B9*0.8),1,0) -> 0 | F9: =ABS(B9-C9) -> 253 | G9: =POWER(F9,2) -> 64009 | H9: =SQRT(SUM('p-pi-14'!$C$3:C9)/COUNTIF($A$3:A9,"<>0")) -> 13.804761
A10: 8 | B10: 497 | C10: 234 | D10: 236 | E10: =IF(AND(C10<=B10*1.2,C10>=B10*0.8),1,0) -> 0 | F10: =ABS(B10-C10) -> 263 | G10: =POWER(F10,2) -> 69169 | H10: =SQRT(SUM('p-pi-14'!$C$3:C10)/COUNTIF($A$3:A10,"<>0")) -> 14
A11: 9 | B11: 497 | C11: 254 | D11: 259 | E11: =IF(AND(C11<=B11*1.2,C11>=B11*0.8),1,0) -> 0 | F11: =ABS(B11-C11) -> 243 | G11: =POWER(F11,2) -> 59049 | H11: =SQRT(SUM('p-pi-14'!$C$3:C11)/COUNTIF($A$3:A11,"<>0")) -> 14.228297
A12: 10 | B12: 497 | C12: 322 | D12: 271 | E12: =IF(AND(C12<=B12*1.2,C12>=B12*0.8),1,0) -> 0 | F12: =ABS(B12-C12) -> 175 | G12: =POWER(F12,2) -> 30625 | H12: =SQRT(SUM('p-pi-14'!$C$3:C12)/COUNTIF($A$3:A12,"<>0")) -> 14.642404
A13: 11 | B13: 497 | C13: 232 | D13: 263 | E13: =IF(AND(C13<=B13*1.2,C13>=B13*0.8),1,0) -> 0 | F13: =ABS(B13-C13) -> 265 | G13: =POWER(F13,2) -> 70225 | H13: =SQRT(SUM('p-pi-14'!$C$3:C13)/COUNTIF($A$3:A13,"<>0")) -> 14.696938
A14: 12 | B14: 497 | C14: 258 | D14: 310 | E14: =IF(AND(C14<=B14*1.2,C14>=B14*0.8),1,0) -> 0 | F14: =ABS(B14-C14) -> 239 | G14: =POWER(F14,2) -> 57121 | H14: =SQRT(SUM('p-pi-14'!$C$3:C14)/COUNTIF($A$3:A14,"<>0")) -> 14.815532
... A152: 150 | B152: 497 | C152: 520 | D152: 460 | E152: =IF(AND(C152<=B152*1.2,C152>=B152*0.8),1,0) -> 1 | F152: =ABS(B152-C152) -> 23 | G152: =POWER(F152,2) -> 529 | H152: =SQRT(SUM('p-pi-14'!$C$3:C152)/COUNTIF($A$3:A152,"<>0")) -> 21.344945

Sheet p-pi-multi
A1: Sample | B1: Arrival Rate | E1: Goal range | F1: Setpoint-Measured | G1: For NRMSE (V) | H1: F^2 | I1: Accumulated RMSE
B2: Setpoint | C2: Measured | D2: Output
A3: 1 | B3: 233 | C3: 47 | D3: 233 | E3: =IF(AND(C3<=B3*1.2,C3>=B3*0.8),1,0) -> 0 | F3: =ABS(B3-C3) -> 186 | G3: =POWER(ABS(B3-C3)/B3,2) -> 0.63725617 | H3: =POWER(F3,2) -> 34596 | I3: =SQRT(SUM('p-pi-multi'!$C$3:C3)/COUNTIF($A$3:A3,"<>0")) -> 6.8556546
A4: 2 | B4: 233 | C4: 115 | D4: 69 | E4: =IF(AND(C4<=B4*1.2,C4>=B4*0.8),1,0) -> 0 | F4: =ABS(B4-C4) -> 118 | G4: =POWER(ABS(B4-C4)/B4,2) -> 0.25647921 | H4: =POWER(F4,2) -> 13924 | I4: =SQRT(SUM('p-pi-multi'!$C$3:C4)/COUNTIF($A$3:A4,"<>0")) -> 9
A5: 3 | B5: 233 | C5: 59 | D5: 57 | E5: =IF(AND(C5<=B5*1.2,C5>=B5*0.8),1,0) -> 0 | F5: =ABS(B5-C5) -> 174 | G5: =POWER(ABS(B5-C5)/B5,2) -> 0.55768204 | H5: =POWER(F5,2) -> 30276 | I5: =SQRT(SUM('p-pi-multi'!$C$3:C5)/COUNTIF($A$3:A5,"<>0")) -> 8.5829288
A6: 4 | B6: 233 | C6: 81 | D6: 87 | E6: =IF(AND(C6<=B6*1.2,C6>=B6*0.8),1,0) -> 0 | F6: =ABS(B6-C6) -> 152 | G6: =POWER(ABS(B6-C6)/B6,2) -> 0.42557424 | H6: =POWER(F6,2) -> 23104 | I6: =SQRT(SUM('p-pi-multi'!$C$3:C6)/COUNTIF($A$3:A6,"<>0")) -> 8.6890736
A7: 5 | B7: 233 | C7: 91 | D7: 92 | E7: =IF(AND(C7<=B7*1.2,C7>=B7*0.8),1,0) -> 0 | F7: =ABS(B7-C7) -> 142 | G7: =POWER(ABS(B7-C7)/B7,2) -> 0.37141962 | H7: =POWER(F7,2) -> 20164 | I7: =SQRT(SUM('p-pi-multi'!$C$3:C7)/COUNTIF($A$3:A7,"<>0")) -> 8.8656641
A8: 6 | B8: 233 | C8: 98 | D8: 100 | E8: =IF(AND(C8<=B8*1.2,C8>=B8*0.8),1,0) -> 0 | F8: =ABS(B8-C8) -> 135 | G8: =POWER(ABS(B8-C8)/B8,2) -> 0.33570337 | H8: =POWER(F8,2) -> 18225 | I8: =SQRT(SUM('p-pi-multi'!$C$3:C8)/COUNTIF($A$3:A8,"<>0")) -> 9.0461778
A9: 7 | B9: 233 | C9: 106 | D9: 108 | E9: =IF(AND(C9<=B9*1.2,C9>=B9*0.8),1,0) -> 0 | F9: =ABS(B9-C9) -> 127 | G9: =POWER(ABS(B9-C9)/B9,2) -> 0.29709518 | H9: =POWER(F9,2) -> 16129 | I9: =SQRT(SUM('p-pi-multi'!$C$3:C9)/COUNTIF($A$3:A9,"<>0")) -> 9.2350265
A10: 8 | B10: 233 | C10: 113 | D10: 115 | E10: =IF(AND(C10<=B10*1.2,C10>=B10*0.8),1,0) -> 0 | F10: =ABS(B10-C10) -> 120 | G10: =POWER(ABS(B10-C10)/B10,2) -> 0.2652471 | H10: =POWER(F10,2) -> 14400 | I10: =SQRT(SUM('p-pi-multi'!$C$3:C10)/COUNTIF($A$3:A10,"<>0")) -> 9.4207218
A11: 9 | B11: 233 | C11: 120 | D11: 122 | E11: =IF(AND(C11<=B11*1.2,C11>=B11*0.8),1,0) -> 0 | F11: =ABS(B11-C11) -> 113 | G11: =POWER(ABS(B11-C11)/B11,2) -> 0.23520419 | H11: =POWER(F11,2) -> 12769 | I11: =SQRT(SUM('p-pi-multi'!$C$3:C11)/COUNTIF($A$3:A11,"<>0")) -> 9.6032402
A12: 10 | B12: 233 | C12: 126 | D12: 128 | E12: =IF(AND(C12<=B12*1.2,C12>=B12*0.8),1,0) -> 0 | F12: =ABS(B12-C12) -> 107 | G12: =POWER(ABS(B12-C12)/B12,2) -> 0.21088987 | H12: =POWER(F12,2) -> 11449 | I12: =SQRT(SUM('p-pi-multi'!$C$3:C12)/COUNTIF($A$3:A12,"<>0")) -> 9.7775252
A13: 11 | B13: 233 | C13: 106 | D13: 134 | E13: =IF(AND(C13<=B13*1.2,C13>=B13*0.8),1,0) -> 0 | F13: =ABS(B13-C13) -> 127 | G13: =POWER(ABS(B13-C13)/B13,2) -> 0.29709518 | H13: =POWER(F13,2) -> 16129 | I13: =SQRT(SUM('p-pi-multi'!$C$3:C13)/COUNTIF($A$3:A13,"<>0")) -> 9.8257547
A14: 12 | B14: 233 | C14: 166 | D14: 150 | E14: =IF(AND(C14<=B14*1.2,C14>=B14*0.8),1,0) -> 0 | F14: =ABS(B14-C14) -> 67 | G14: =POWER(ABS(B14-C14)/B14,2) -> 0.082687101 | H14: =POWER(F14,2) -> 4489 | I14: =SQRT(SUM('p-pi-multi'!$C$3:C14)/COUNTIF($A$3:A14,"<>0")) -> 10.115994
... A902: 900 | B902: 233 | C902: 240 | D902: 220 | E902: =IF(AND(C902<=B902*1.2,C902>=B902*0.8),1,0) -> 1 | F902: =ABS(B902-C902) -> 7 | G902: =POWER(ABS(B902-C902)/B902,2) -> 0.00090257695 | H902: =POWER(F902,2) -> 49 | I902: =SQRT(SUM('p-pi-multi'!$C$3:C902)/COUNTIF($A$3:A902,"<>0")) -> 17.507871

Sheet summary
A1: Control | B1: Setpoint | C1: MOM | D1: Operational Point | E1: Goal | F1: Agressive
F2: Goal Range (20%) | G2: RMSE | H2: NRMSE (Goal) | I2: MAE | K2: Sample Size | L2: 150
A3: PI | B3: Fixed | C3: RabbitMQ | D3: P2 | E3: 2600 | F3: =COUNTIF('r-pi-2'!$E$3:$E$152,1)/$L$2 -> 0.88666667 | G3: =SQRT(SUM('r-pi-2'!$G$3:$G$152)/$L$2) -> 435.83342 | H3: =G3/E3 -> 0.16762824 | I3: =SUM('r-pi-2'!$F$3:$F$152)/$L$2 -> 220.15333
A4: PI | B4: Fixed | C4: RabbitMQ | D4: P5 | E4: 4600 | F4: =COUNTIF('r-pi-5'!$E$3:$E$152,1)/$L$2 -> 0.88666667 | G4: =SQRT(SUM('r-pi-5'!$G$3:$G$152)/$L$2) -> 845.98552 | H4: =G4/E4 -> 0.1839099 | I4: =SUM('r-pi-5'!$F$3:$F$152)/$L$2 -> 386.48667 | J4: Chart 1
A5: PI | B5: Fixed | C5: RabbitMQ | D5: P8 | E5: 6680 | F5: =COUNTIF('r-pi-8'!$E$3:$E$152,1)/$L$2 -> 0.84 | G5: =SQRT(SUM('r-pi-8'!$G$3:$G$152)/$L$2) -> 1326.5689 | H5: =G5/E5 -> 0.19858815 | I5: =SUM('r-pi-8'!$F$3:$F$152)/$L$2 -> 717.96667
A6: PI | B6: Fixed | C6: RabbitMQ | D6: P11 | E6: 8110 | F6: =COUNTIF('r-pi-11'!$E$3:$E$152,1)/$L$2 -> 0.86 | G6: =SQRT(SUM('r-pi-11'!$G$3:$G$152)/$L$2) -> 1590.2172 | H6: =G6/E6 -> 0.19608104 | I6: =SUM('r-pi-11'!$F$3:$F$152)/$L$2 -> 922.16667
A7: PI | B7: Fixed | C7: RabbitMQ | D7: P14 | E7: 9500 | F7: =COUNTIF('r-pi-14'!$E$3:$E$152,1)/$L$2 -> 0.83333333 | G7: =SQRT(SUM('r-pi-14'!$G$3:$G$152)/$L$2) -> 1903.4356 | H7: =G7/E7 -> 0.20036165 | I7: =SUM('r-pi-14'!$F$3:$F$152)/$L$2 -> 1051.7533
A8: PI | B8: Variable | C8: RabbitMQ | D8: P5→P14→P2→P11→P8→P5 | E8: 4600, 9500, 2600, 8110, 6680, 4600 | F8: =COUNTIF('r-pi-multi'!$E$3:$E$902,1)/900 -> 0.87111111 | H8: =SQRT(SUM('r-pi-multi'!$G$3:$G$902)/900) -> 0.29909586 | I8: =SUM('r-pi-multi'!$F$3:$F$902)/900 -> 560.59444 | J8: Chart 2
A9: Native | B9: Fixed | C9: RabbitMQ | D9: P5 | E9: 4600 | F9: =COUNTIF('r-native-fixed'!$E$3:$E$152,1)/$L$2 -> 0.99333333 | G9: =SQRT(SUM('r-native-fixed'!$G$3:$G$152)/$L$2) -> 253.57242 | H9: =G9/E9 -> 0.05512444 | I9: =SUM('r-native-fixed'!$F$3:$F$152)/$L$2 -> 105.38667 | J9: Chart 1
A10: Native | B10: Variable | C10: RabbitMQ | D10: P5→P14→P2→P11→P8→P5 | E10: 4600, 9500, 2600, 8110, 6680, 4600 | F10: =COUNTIF('r-native-multi'!$E$3:$E$902,1)/900 -> 0.25777778 | H10: =SQRT(SUM('r-native-multi'!$G$3:$G$902)/900) -> 0.62599541 | I10: =SUM('r-native-multi'!$F$3:$F$902)/900 -> 2112.8189 | J10: Chart 2
A12: PI | B12: Fixed | C12: Pulsar | D12: P3 | E12: 50 | F12: =COUNTIF('p-pi-3'!$E$3:$E$152,1)/$L$2 -> 0.80666667 | G12: =SQRT(SUM('p-pi-3'!$G$3:$G$152)/$L$2) -> 11.162736 | H12: =G12/E12 -> 0.22325471 | I12: =SUM('p-pi-3'!$F$3:$F$152)/$L$2 -> 7.66
A13: PI | B13: Fixed | C13: Pulsar | D13: P6 | E13: 233 | F13: =COUNTIF('p-pi-6'!$E$3:$E$152,1)/$L$2 -> 0.78666667 | G13: =SQRT(SUM('p-pi-6'!$G$3:$G$152)/$L$2) -> 55.795818 | H13: =G13/E13 -> 0.23946703 | I13: =SUM('p-pi-6'!$F$3:$F$152)/$L$2 -> 42.8 | J13: Chart 1
A14: PI | B14: Fixed | C14: Pulsar | D14: P9 | E14: 343 | F14: =COUNTIF('p-pi-9'!$E$3:$E$152,1)/$L$2 -> 0.73333333 | G14: =SQRT(SUM('p-pi-9'!$G$3:$G$152)/$L$2) -> 74.477513 | H14: =G14/E14 -> 0.21713561 | I14: =SUM('p-pi-9'!$F$3:$F$152)/$L$2 -> 54.046667
A15: PI | B15: Fixed | C15: Pulsar | D15: P12 | E15: 452 | F15: =COUNTIF('p-pi-12'!$E$3:$E$152,1)/$L$2 -> 0.82666667 | G15: =SQRT(SUM('p-pi-12'!$G$3:$G$152)/$L$2) -> 90.161337 | H15: =G15/E15 -> 0.19947198 | I15: =SUM('p-pi-12'!$F$3:$F$152)/$L$2 -> 55.946667
A16: PI | B16: Fixed | C16: Pulsar | D16: P14 | E16: 497 | F16: =COUNTIF('p-pi-14'!$E$3:$E$152,1)/$L$2 -> 0.77333333 | G16: =SQRT(SUM('p-pi-14'!$G$3:$G$152)/$L$2) -> 103.66005 | H16: =G16/E16 -> 0.20857154 | I16: =SUM('p-pi-14'!$F$3:$F$152)/$L$2 -> 65.806667
A17: PI | B17: Variable | C17: Pulsar | D17: P6→P14→P3→P12→P9→P6 | E17: 233, 498, 100, 453, 343, 233 | F17: =COUNTIF('p-pi-multi'!$E$3:$E$902,1)/900 -> 0.87333333 | H17: =SQRT(SUM('p-pi-multi'!$G$3:$G$902)/900) -> 0.32963481 | I17: =SUM('p-pi-multi'!$F$3:$F$902)/900 -> 31.932222 | J17: Chart 2
A18: Native | B18: Variable | C18: Pulsar | D18: P6→P14→P3→P12→P9→P6 | E18: 233, 498, 100, 453, 343, 233 | F18: =COUNTIF('p-native-multi'!$E$3:$E$902,1)/900 -> 0.35444444 | H18: =SQRT(SUM('p-native-multi'!$G$3:$G$902)/900) -> 0.70131119 | I18: =SUM('p-native-multi'!$F$3:$F$902)/900 -> 121.69333 | J18: Chart 2
A19: Native | B19: Fixed | C19: Pulsar | D19: P6 | E19: 233 | F19: =COUNTIF('p-native-fixed'!$E$3:$E$152,1)/$L$2 -> 0.83333333 | G19: =SQRT(SUM('p-native-fixed'!$H$3:$H$152)/$L$2) -> 47.272402 | H19: =G19/E19 -> 0.20288585 | I19: =SUM('p-native-fixed'!$F$3:$F$152)/$L$2 -> 31.84 | J19: Chart 1
